epoch,_time,action,sessionID,customer,amount,subcontractor,ResponseTime
1529427609,2018/06/19 12:00:09 CDT,authorized,10000,Nicole,3573,SplunkTel,1
1529432841,2018/06/19 13:27:21 CDT,authorized,10001,Allegra,3875,SplunkFin,2
1529432094,2018/06/19 13:14:54 CDT,authorized,10002,Chase,2995,SplunkFin,4
1529430410,2018/06/19 12:46:50 CDT,authorized,10003,Christine,4606,ButtercupGames,5
1529429958,2018/06/19 12:39:18 CDT,authorized,10004,Linda,1603,ButtercupGames,1
1529426510,2018/06/19 11:41:50 CDT,authorized,10005,Jenna,2825,SplunkTel,2
1529436760,2018/06/19 14:32:40 CDT,authorized,10006,Lars,1001,SplunkTel,1
1529428318,2018/06/19 12:11:58 CDT,authorized,10007,Duncan,2780,SplunkFin,2
1529424951,2018/06/19 11:15:51 CDT,authorized,10008,Orson,4828,SplunkFin,2
1529431489,2018/06/19 13:04:49 CDT,authorized,10009,MacKensie,1421,ButtercupGames,1
1529424289,2018/06/19 11:04:49 CDT,authorized,10010,Nicole,3182,SplunkTel,1
1529429917,2018/06/19 12:38:37 CDT,authorized,10011,Adena,548,SplunkFin,1
1529432304,2018/06/19 13:18:24 CDT,authorized,10012,Jerry,2048,ButtercupGames,2
1529434095,2018/06/19 13:48:15 CDT,authorized,10013,Libby,2922,ButtercupGames,1
1529436959,2018/06/19 14:35:59 CDT,authorized,10014,Aphrodite,3056,SplunkFin,2
1529424831,2018/06/19 11:13:51 CDT,authorized,10015,Hop,2252,SplunkTel,2
1529435814,2018/06/19 14:16:54 CDT,authorized,10016,Hamilton,4769,ButtercupGames,1
1529425676,2018/06/19 11:27:56 CDT,authorized,10017,Ciara,1474,SplunkTel,2
1529431422,2018/06/19 13:03:42 CDT,authorized,10018,Sigourney,2310,SplunkFin,1
1529432308,2018/06/19 13:18:28 CDT,authorized,10019,Tamara,3615,SplunkFin,1
1529424014,2018/06/19 11:00:14 CDT,authorized,10020,Nerea,606,SplunkFin,1
1529427711,2018/06/19 12:01:51 CDT,authorized,10021,Julian,4929,ButtercupGames,1
1529436575,2018/06/19 14:29:35 CDT,authorized,10022,Nash,387,SplunkFin,2
1529430221,2018/06/19 12:43:41 CDT,authorized,10023,Kelsie,2519,SplunkFin,2
1529431663,2018/06/19 13:07:43 CDT,authorized,10024,Yoko,3769,ButtercupGames,2
1529435859,2018/06/19 14:17:39 CDT,authorized,10025,Maia,2296,SplunkTel,1
1529437042,2018/06/19 14:37:22 CDT,authorized,10026,Howard,2610,SplunkFin,1
1529434737,2018/06/19 13:58:57 CDT,authorized,10027,Chancellor,1933,SplunkTel,2
1529425569,2018/06/19 11:26:09 CDT,authorized,10028,Harrison,34,SplunkTel,1
1529429445,2018/06/19 12:30:45 CDT,authorized,10029,Wendy,2478,SplunkTel,2
1529424939,2018/06/19 11:15:39 CDT,authorized,10030,Prescott,4825,SplunkTel,2
1529426010,2018/06/19 11:33:30 CDT,authorized,10031,Ulla,3924,SplunkFin,1
1529433475,2018/06/19 13:37:55 CDT,authorized,10032,Dawn,1329,SplunkTel,1
1529432110,2018/06/19 13:15:10 CDT,authorized,10033,Stella,450,SplunkTel,2
1529423885,2018/06/19 10:58:05 CDT,authorized,10034,Austin,4196,SplunkFin,1
1529432578,2018/06/19 13:22:58 CDT,authorized,10035,Keane,461,ButtercupGames,2
1529436618,2018/06/19 14:30:18 CDT,authorized,10036,Otto,4979,SplunkFin,1
1529428540,2018/06/19 12:15:40 CDT,authorized,10037,Burke,4940,SplunkFin,1
1529424823,2018/06/19 11:13:43 CDT,authorized,10038,Signe,2904,SplunkFin,1
1529424530,2018/06/19 11:08:50 CDT,authorized,10039,Ivor,604,ButtercupGames,1
1529426112,2018/06/19 11:35:12 CDT,denied,10040,Candice,3195,SplunkTel,1
1529427773,2018/06/19 12:02:53 CDT,authorized,10041,Josephine,1283,SplunkTel,1
1529431901,2018/06/19 13:11:41 CDT,authorized,10042,Laura,846,SplunkTel,1
1529430641,2018/06/19 12:50:41 CDT,authorized,10043,Adara,2944,SplunkTel,2
1529434101,2018/06/19 13:48:21 CDT,authorized,10044,Leila,229,SplunkFin,2
1529437369,2018/06/19 14:42:49 CDT,authorized,10045,Carolyn,598,SplunkTel,2
1529435286,2018/06/19 14:08:06 CDT,authorized,10046,Denise,4926,SplunkFin,1
1529428902,2018/06/19 12:21:42 CDT,authorized,10047,Alec,48,ButtercupGames,2
1529432710,2018/06/19 13:25:10 CDT,authorized,10048,Gabriel,1900,SplunkFin,2
1529430810,2018/06/19 12:53:30 CDT,authorized,10049,Lacy,3227,SplunkTel,2
1529430576,2018/06/19 12:49:36 CDT,authorized,10050,Slade,477,ButtercupGames,2
1529428556,2018/06/19 12:15:56 CDT,authorized,10051,Xaviera,2585,SplunkTel,2
1529429075,2018/06/19 12:24:35 CDT,authorized,10052,Jaquelyn,1891,SplunkTel,1
1529433644,2018/06/19 13:40:44 CDT,authorized,10053,Harriet,2049,SplunkTel,2
1529433107,2018/06/19 13:31:47 CDT,authorized,10054,Rhoda,508,SplunkFin,1
1529436906,2018/06/19 14:35:06 CDT,authorized,10055,Fitzgerald,892,ButtercupGames,1
1529428248,2018/06/19 12:10:48 CDT,authorized,10056,Stewart,1635,SplunkTel,2
1529427684,2018/06/19 12:01:24 CDT,authorized,10057,Sara,733,SplunkTel,2
1529426764,2018/06/19 11:46:04 CDT,authorized,10058,Glenna,1130,SplunkTel,2
1529423731,2018/06/19 10:55:31 CDT,denied,10059,Colton,3538,SplunkTel,1
1529432100,2018/06/19 13:15:00 CDT,authorized,10060,Len,3597,SplunkTel,2
1529432482,2018/06/19 13:21:22 CDT,authorized,10061,Keith,4895,SplunkTel,1
1529432832,2018/06/19 13:27:12 CDT,authorized,10062,Cynthia,4451,SplunkTel,2
1529430870,2018/06/19 12:54:30 CDT,authorized,10063,Lee,4943,SplunkFin,1
1529437196,2018/06/19 14:39:56 CDT,authorized,10064,Judith,2439,SplunkFin,2
1529430436,2018/06/19 12:47:16 CDT,authorized,10065,Leila,2936,SplunkTel,1
1529424760,2018/06/19 11:12:40 CDT,authorized,10066,Erich,4160,ButtercupGames,2
1529428129,2018/06/19 12:08:49 CDT,authorized,10067,Michelle,3595,ButtercupGames,2
1529434879,2018/06/19 14:01:19 CDT,authorized,10068,Kiona,574,SplunkTel,1
1529423919,2018/06/19 10:58:39 CDT,authorized,10069,Cain,1206,ButtercupGames,1
1529430591,2018/06/19 12:49:51 CDT,authorized,10070,Jared,2423,SplunkTel,1
1529430885,2018/06/19 12:54:45 CDT,denied,10071,Raphael,302,ButtercupGames,2
1529425048,2018/06/19 11:17:28 CDT,authorized,10072,Brianna,475,SplunkTel,2
1529428568,2018/06/19 12:16:08 CDT,authorized,10073,Regan,1655,SplunkTel,2
1529432813,2018/06/19 13:26:53 CDT,authorized,10074,Armando,694,SplunkFin,2
1529434150,2018/06/19 13:49:10 CDT,authorized,10075,Sydney,1745,SplunkFin,2
1529437004,2018/06/19 14:36:44 CDT,authorized,10076,Yasir,3116,SplunkFin,2
1529435050,2018/06/19 14:04:10 CDT,authorized,10077,Molly,2810,SplunkTel,1
1529431063,2018/06/19 12:57:43 CDT,authorized,10078,Preston,2248,SplunkFin,1
1529437648,2018/06/19 14:47:28 CDT,authorized,10079,Portia,2002,SplunkFin,1
1529436868,2018/06/19 14:34:28 CDT,authorized,10080,Stephen,3803,ButtercupGames,1
1529423989,2018/06/19 10:59:49 CDT,authorized,10081,Maite,884,SplunkFin,1
1529427359,2018/06/19 11:55:59 CDT,authorized,10082,Carlos,4280,SplunkFin,1
1529428165,2018/06/19 12:09:25 CDT,authorized,10083,Arden,4466,SplunkTel,2
1529436724,2018/06/19 14:32:04 CDT,authorized,10084,Matthew,371,SplunkTel,2
1529436944,2018/06/19 14:35:44 CDT,authorized,10085,Neil,3168,ButtercupGames,1
1529432913,2018/06/19 13:28:33 CDT,authorized,10086,Sigourney,3517,SplunkFin,2
1529436128,2018/06/19 14:22:08 CDT,authorized,10087,Maite,3174,SplunkTel,1
1529424139,2018/06/19 11:02:19 CDT,authorized,10088,Jamalia,732,SplunkTel,1
1529424897,2018/06/19 11:14:57 CDT,authorized,10089,Reese,3154,SplunkTel,1
1529432423,2018/06/19 13:20:23 CDT,authorized,10090,Gil,970,SplunkFin,2
1529427950,2018/06/19 12:05:50 CDT,authorized,10091,Alan,1318,SplunkFin,1
1529434109,2018/06/19 13:48:29 CDT,authorized,10092,Gisela,1152,ButtercupGames,1
1529437554,2018/06/19 14:45:54 CDT,authorized,10093,Olympia,4269,SplunkFin,2
1529426420,2018/06/19 11:40:20 CDT,authorized,10094,Jescie,3482,SplunkTel,2
1529432383,2018/06/19 13:19:43 CDT,authorized,10095,Conan,1033,ButtercupGames,2
1529432172,2018/06/19 13:16:12 CDT,authorized,10096,Forrest,3072,SplunkTel,2
1529431102,2018/06/19 12:58:22 CDT,authorized,10097,Yen,145,SplunkFin,1
1529427503,2018/06/19 11:58:23 CDT,denied,10098,Leila,1468,SplunkFin,1
1529435609,2018/06/19 14:13:29 CDT,authorized,10099,Roanna,830,SplunkFin,1
1529425580,2018/06/19 11:26:20 CDT,authorized,10100,Galena,2871,SplunkTel,2
1529435255,2018/06/19 14:07:35 CDT,authorized,10101,Lionel,3501,ButtercupGames,2
1529436166,2018/06/19 14:22:46 CDT,authorized,10102,Macon,1579,SplunkFin,1
1529436959,2018/06/19 14:35:59 CDT,authorized,10103,Rooney,1711,SplunkFin,5
1529423710,2018/06/19 10:55:10 CDT,authorized,10104,Rowan,4678,SplunkTel,2
1529434856,2018/06/19 14:00:56 CDT,authorized,10105,Idola,3266,SplunkFin,2
1529433922,2018/06/19 13:45:22 CDT,authorized,10106,Basil,3729,SplunkFin,1
1529424704,2018/06/19 11:11:44 CDT,authorized,10107,Hasad,4402,ButtercupGames,1
1529427932,2018/06/19 12:05:32 CDT,authorized,10108,Jessica,776,SplunkTel,1
1529424468,2018/06/19 11:07:48 CDT,authorized,10109,Fritz,2868,SplunkFin,2
1529431751,2018/06/19 13:09:11 CDT,authorized,10110,Luke,3853,ButtercupGames,1
1529435620,2018/06/19 14:13:40 CDT,denied,10111,Shana,2291,SplunkFin,2
1529423876,2018/06/19 10:57:56 CDT,authorized,10112,Keith,4029,ButtercupGames,2
1529432935,2018/06/19 13:28:55 CDT,authorized,10113,Brandon,4453,ButtercupGames,1
1529434230,2018/06/19 13:50:30 CDT,authorized,10114,Jamalia,1835,SplunkFin,2
1529427073,2018/06/19 11:51:13 CDT,authorized,10115,Jasmine,579,SplunkFin,1
1529426408,2018/06/19 11:40:08 CDT,authorized,10116,Luke,2787,ButtercupGames,1
1529426669,2018/06/19 11:44:29 CDT,authorized,10117,Carol,1839,SplunkTel,1
1529432638,2018/06/19 13:23:58 CDT,authorized,10118,Lewis,4929,SplunkTel,1
1529430355,2018/06/19 12:45:55 CDT,authorized,10119,Lila,1283,ButtercupGames,2
1529430565,2018/06/19 12:49:25 CDT,authorized,10120,Angela,2608,SplunkFin,2
1529425861,2018/06/19 11:31:01 CDT,authorized,10121,Lysandra,787,SplunkFin,2
1529432942,2018/06/19 13:29:02 CDT,authorized,10122,Xena,4670,ButtercupGames,1
1529430998,2018/06/19 12:56:38 CDT,authorized,10123,Indira,353,SplunkTel,1
1529434783,2018/06/19 13:59:43 CDT,authorized,10124,Stephen,157,ButtercupGames,2
1529437233,2018/06/19 14:40:33 CDT,authorized,10125,Wynter,4573,ButtercupGames,1
1529430773,2018/06/19 12:52:53 CDT,authorized,10126,Frances,1734,ButtercupGames,2
1529432803,2018/06/19 13:26:43 CDT,authorized,10127,Talon,4818,ButtercupGames,2
1529437174,2018/06/19 14:39:34 CDT,authorized,10128,Salvador,2702,ButtercupGames,1
1529436745,2018/06/19 14:32:25 CDT,authorized,10129,Breanna,1744,SplunkTel,1
1529432772,2018/06/19 13:26:12 CDT,authorized,10130,Reed,1324,ButtercupGames,2
1529435263,2018/06/19 14:07:43 CDT,authorized,10131,Jakeem,3977,ButtercupGames,1
1529433620,2018/06/19 13:40:20 CDT,denied,10132,Ignacia,575,ButtercupGames,2
1529431435,2018/06/19 13:03:55 CDT,authorized,10133,Rosalyn,225,SplunkFin,1
1529429034,2018/06/19 12:23:54 CDT,authorized,10134,Lisandra,202,ButtercupGames,1
1529436957,2018/06/19 14:35:57 CDT,authorized,10135,Ali,3746,SplunkTel,1
1529427574,2018/06/19 11:59:34 CDT,authorized,10136,Octavius,4361,ButtercupGames,1
1529437320,2018/06/19 14:42:00 CDT,authorized,10137,Abel,4273,ButtercupGames,1
1529424155,2018/06/19 11:02:35 CDT,authorized,10138,Forrest,272,ButtercupGames,1
1529431769,2018/06/19 13:09:29 CDT,authorized,10139,Declan,1063,SplunkTel,1
1529429980,2018/06/19 12:39:40 CDT,authorized,10140,Vernon,4716,SplunkTel,2
1529428128,2018/06/19 12:08:48 CDT,denied,10141,Eliana,4093,ButtercupGames,2
1529436301,2018/06/19 14:25:01 CDT,authorized,10142,Jakeem,2175,SplunkTel,2
1529431949,2018/06/19 13:12:29 CDT,denied,10143,Guy,304,SplunkFin,1
1529426284,2018/06/19 11:38:04 CDT,authorized,10144,Portia,978,ButtercupGames,6
1529431372,2018/06/19 13:02:52 CDT,authorized,10145,Luke,628,SplunkTel,2
1529434348,2018/06/19 13:52:28 CDT,cancelled,10146,Travis,3445,ButtercupGames,2
1529426115,2018/06/19 11:35:15 CDT,authorized,10147,Alika,4701,ButtercupGames,2
1529426408,2018/06/19 11:40:08 CDT,authorized,10148,Hayfa,933,ButtercupGames,2
1529436474,2018/06/19 14:27:54 CDT,authorized,10149,Isaiah,4534,SplunkFin,1
1529431174,2018/06/19 12:59:34 CDT,authorized,10150,Liberty,1091,ButtercupGames,2
1529426294,2018/06/19 11:38:14 CDT,authorized,10151,Lamar,4677,ButtercupGames,1
1529436304,2018/06/19 14:25:04 CDT,authorized,10152,Bethany,2866,SplunkTel,1
1529425972,2018/06/19 11:32:52 CDT,cancelled,10153,Hayden,1783,ButtercupGames,2
1529427417,2018/06/19 11:56:57 CDT,authorized,10154,Carolyn,873,SplunkFin,2
1529433310,2018/06/19 13:35:10 CDT,authorized,10155,Jamal,3922,SplunkFin,6
1529431743,2018/06/19 13:09:03 CDT,authorized,10156,Justin,890,ButtercupGames,1
1529434005,2018/06/19 13:46:45 CDT,authorized,10157,Iris,3559,ButtercupGames,2
1529434881,2018/06/19 14:01:21 CDT,denied,10158,Slade,1009,SplunkFin,1
1529437616,2018/06/19 14:46:56 CDT,authorized,10159,Samson,2792,ButtercupGames,2
1529435560,2018/06/19 14:12:40 CDT,authorized,10160,Clio,1197,ButtercupGames,1
1529427438,2018/06/19 11:57:18 CDT,cancelled,10161,Branden,3081,SplunkFin,2
1529428870,2018/06/19 12:21:10 CDT,authorized,10162,Dylan,2675,SplunkFin,1
1529427937,2018/06/19 12:05:37 CDT,authorized,10163,Mark,2730,SplunkTel,2
1529435189,2018/06/19 14:06:29 CDT,authorized,10164,Leroy,656,SplunkTel,2
1529432109,2018/06/19 13:15:09 CDT,authorized,10165,Tana,374,SplunkTel,1
1529435456,2018/06/19 14:10:56 CDT,authorized,10166,Steven,2769,ButtercupGames,1
1529428408,2018/06/19 12:13:28 CDT,authorized,10167,Hilda,1354,SplunkTel,1
1529425147,2018/06/19 11:19:07 CDT,error,10168,Lionel,3487,SplunkTel,2
1529437291,2018/06/19 14:41:31 CDT,authorized,10169,Ahmed,1373,ButtercupGames,2
1529428589,2018/06/19 12:16:29 CDT,authorized,10170,Tobias,1829,ButtercupGames,2
1529432061,2018/06/19 13:14:21 CDT,authorized,10171,Maile,3386,SplunkFin,2
1529428530,2018/06/19 12:15:30 CDT,authorized,10172,Catherine,1710,ButtercupGames,2
1529426477,2018/06/19 11:41:17 CDT,authorized,10173,Shoshana,2455,SplunkFin,2
1529437198,2018/06/19 14:39:58 CDT,authorized,10174,Noble,3858,SplunkTel,1
1529433585,2018/06/19 13:39:45 CDT,authorized,10175,Stewart,2406,SplunkTel,1
1529430940,2018/06/19 12:55:40 CDT,authorized,10176,Dante,2654,ButtercupGames,1
1529435884,2018/06/19 14:18:04 CDT,authorized,10177,Jayme,905,SplunkTel,1
1529428911,2018/06/19 12:21:51 CDT,error,10178,Dieter,1704,ButtercupGames,1
1529430432,2018/06/19 12:47:12 CDT,authorized,10179,Knox,4882,ButtercupGames,1
1529435558,2018/06/19 14:12:38 CDT,authorized,10180,Jade,4976,SplunkFin,2
1529431976,2018/06/19 13:12:56 CDT,authorized,10181,Brielle,4589,SplunkTel,2
1529427394,2018/06/19 11:56:34 CDT,authorized,10182,Lara,4254,SplunkTel,1
1529434692,2018/06/19 13:58:12 CDT,authorized,10183,Geoffrey,2764,SplunkFin,2
1529435216,2018/06/19 14:06:56 CDT,authorized,10184,Deirdre,1804,SplunkFin,1
1529433571,2018/06/19 13:39:31 CDT,authorized,10185,Barclay,195,SplunkFin,1
1529432820,2018/06/19 13:27:00 CDT,error,10186,Gray,3500,ButtercupGames,1
1529424371,2018/06/19 11:06:11 CDT,authorized,10187,Hoyt,4353,ButtercupGames,2
1529430176,2018/06/19 12:42:56 CDT,authorized,10188,Ruby,1371,ButtercupGames,1
1529431158,2018/06/19 12:59:18 CDT,authorized,10189,Hanae,887,SplunkTel,1
1529426403,2018/06/19 11:40:03 CDT,authorized,10190,Scarlett,906,ButtercupGames,2
1529435535,2018/06/19 14:12:15 CDT,authorized,10191,Declan,321,SplunkFin,2
1529436539,2018/06/19 14:28:59 CDT,authorized,10192,Uma,3261,SplunkFin,2
1529427125,2018/06/19 11:52:05 CDT,authorized,10193,Phillip,2603,SplunkTel,2
1529437736,2018/06/19 14:48:56 CDT,error,10194,Armando,570,SplunkFin,1
1529435976,2018/06/19 14:19:36 CDT,authorized,10195,Gay,4220,SplunkTel,1
1529433010,2018/06/19 13:30:10 CDT,authorized,10196,Edan,4287,SplunkTel,1
1529430914,2018/06/19 12:55:14 CDT,authorized,10197,Palmer,3822,SplunkFin,2
1529430901,2018/06/19 12:55:01 CDT,authorized,10198,Galvin,1320,SplunkFin,2
1529434250,2018/06/19 13:50:50 CDT,authorized,10199,Zeph,1524,SplunkTel,1
1529432017,2018/06/19 13:13:37 CDT,authorized,10200,Jemima,804,SplunkFin,2
1529429873,2018/06/19 12:37:53 CDT,authorized,10201,Anika,3370,ButtercupGames,2
1529430540,2018/06/19 12:49:00 CDT,authorized,10202,Grant,3169,SplunkFin,2
1529431873,2018/06/19 13:11:13 CDT,authorized,10203,Gavin,682,ButtercupGames,2
1529423954,2018/06/19 10:59:14 CDT,denied,10204,Stone,1682,SplunkTel,2
1529431828,2018/06/19 13:10:28 CDT,authorized,10205,Heather,4558,SplunkTel,1
1529432412,2018/06/19 13:20:12 CDT,authorized,10206,Blossom,1951,SplunkFin,1
1529431176,2018/06/19 12:59:36 CDT,authorized,10207,Noelani,3469,ButtercupGames,1
1529426933,2018/06/19 11:48:53 CDT,authorized,10208,Karleigh,258,SplunkFin,2
1529429707,2018/06/19 12:35:07 CDT,authorized,10209,Logan,2555,SplunkTel,1
1529429300,2018/06/19 12:28:20 CDT,authorized,10210,Lillith,1379,SplunkFin,2
1529423584,2018/06/19 10:53:04 CDT,authorized,10211,Donna,464,SplunkFin,2
1529426100,2018/06/19 11:35:00 CDT,authorized,10212,Ivor,3789,ButtercupGames,1
1529428662,2018/06/19 12:17:42 CDT,error,10213,Perry,1313,SplunkFin,2
1529433232,2018/06/19 13:33:52 CDT,authorized,10214,Kerry,1692,SplunkFin,1
1529431996,2018/06/19 13:13:16 CDT,authorized,10215,Cadman,4344,SplunkTel,1
1529425716,2018/06/19 11:28:36 CDT,authorized,10216,Hector,2248,SplunkTel,1
1529429106,2018/06/19 12:25:06 CDT,authorized,10217,Uriel,4343,ButtercupGames,1
1529430367,2018/06/19 12:46:07 CDT,authorized,10218,Zahir,1775,SplunkTel,2
1529431521,2018/06/19 13:05:21 CDT,authorized,10219,Kasper,4616,SplunkFin,2
1529436639,2018/06/19 14:30:39 CDT,cancelled,10220,Castor,3660,SplunkFin,2
1529423896,2018/06/19 10:58:16 CDT,authorized,10221,Hayden,464,ButtercupGames,1
1529429100,2018/06/19 12:25:00 CDT,authorized,10222,Lisandra,3784,SplunkTel,1
1529423449,2018/06/19 10:50:49 CDT,authorized,10223,Kirby,3290,SplunkTel,2
1529435765,2018/06/19 14:16:05 CDT,authorized,10224,Jana,442,SplunkTel,1
1529436253,2018/06/19 14:24:13 CDT,authorized,10225,Connor,3043,ButtercupGames,2
1529434381,2018/06/19 13:53:01 CDT,authorized,10226,Upton,2009,SplunkFin,2
1529433902,2018/06/19 13:45:02 CDT,authorized,10227,Juliet,1182,SplunkFin,1
1529429138,2018/06/19 12:25:38 CDT,authorized,10228,Jordan,64,SplunkTel,1
1529428716,2018/06/19 12:18:36 CDT,authorized,10229,Fallon,3416,SplunkFin,2
1529428079,2018/06/19 12:07:59 CDT,authorized,10230,Adam,3664,SplunkFin,1
1529436680,2018/06/19 14:31:20 CDT,authorized,10231,Myles,519,ButtercupGames,2
1529429514,2018/06/19 12:31:54 CDT,authorized,10232,Ishmael,213,SplunkTel,1
1529437491,2018/06/19 14:44:51 CDT,denied,10233,Shannon,2003,SplunkFin,1
1529433322,2018/06/19 13:35:22 CDT,authorized,10234,Theodore,259,SplunkTel,1
1529427056,2018/06/19 11:50:56 CDT,authorized,10235,Zachary,2992,SplunkFin,1
1529434092,2018/06/19 13:48:12 CDT,authorized,10236,Brittany,1768,SplunkFin,1
1529425989,2018/06/19 11:33:09 CDT,authorized,10237,Sarah,3442,SplunkFin,1
1529433991,2018/06/19 13:46:31 CDT,authorized,10238,MacKensie,2699,SplunkTel,1
1529432236,2018/06/19 13:17:16 CDT,authorized,10239,Florence,974,SplunkTel,2
1529423720,2018/06/19 10:55:20 CDT,cancelled,10240,Leo,182,ButtercupGames,2
1529429150,2018/06/19 12:25:50 CDT,authorized,10241,Micah,4958,ButtercupGames,2
1529425620,2018/06/19 11:27:00 CDT,authorized,10242,Hunter,4615,ButtercupGames,1
1529432146,2018/06/19 13:15:46 CDT,authorized,10243,Chaney,135,SplunkFin,2
1529434717,2018/06/19 13:58:37 CDT,error,10244,Andrew,184,SplunkTel,2
1529433551,2018/06/19 13:39:11 CDT,authorized,10245,Laith,2560,ButtercupGames,2
1529437718,2018/06/19 14:48:38 CDT,authorized,10246,Guinevere,4329,SplunkFin,2
1529436686,2018/06/19 14:31:26 CDT,authorized,10247,Bree,3504,SplunkFin,2
1529427025,2018/06/19 11:50:25 CDT,authorized,10248,Susan,3739,SplunkTel,1
1529427493,2018/06/19 11:58:13 CDT,authorized,10249,Brooke,2640,ButtercupGames,2
1529433824,2018/06/19 13:43:44 CDT,authorized,10250,Desirae,2102,SplunkTel,1
1529424705,2018/06/19 11:11:45 CDT,authorized,10251,Ferris,2895,SplunkTel,1
1529437180,2018/06/19 14:39:40 CDT,error,10252,Damian,2503,ButtercupGames,2
1529428163,2018/06/19 12:09:23 CDT,authorized,10253,Flo,2615,SplunkTel,2
1529424350,2018/06/19 11:05:50 CDT,authorized,10254,Kaseem,1733,SplunkFin,2
1529427360,2018/06/19 11:56:00 CDT,authorized,10255,Alana,3979,SplunkTel,1
1529436870,2018/06/19 14:34:30 CDT,authorized,10256,Baker,97,SplunkTel,2
1529436555,2018/06/19 14:29:15 CDT,authorized,10257,Olga,3219,ButtercupGames,1
1529430788,2018/06/19 12:53:08 CDT,authorized,10258,Wyoming,2227,SplunkTel,2
1529433939,2018/06/19 13:45:39 CDT,authorized,10259,Hedda,1928,ButtercupGames,1
1529436819,2018/06/19 14:33:39 CDT,authorized,10260,Ray,2165,SplunkFin,2
1529425945,2018/06/19 11:32:25 CDT,authorized,10261,Claudia,1030,SplunkTel,1
1529434774,2018/06/19 13:59:34 CDT,authorized,10262,May,3155,SplunkFin,2
1529430373,2018/06/19 12:46:13 CDT,authorized,10263,Lyle,4058,SplunkTel,2
1529436106,2018/06/19 14:21:46 CDT,authorized,10264,Sawyer,4066,ButtercupGames,1
1529436016,2018/06/19 14:20:16 CDT,denied,10265,Nathan,4481,ButtercupGames,1
1529426731,2018/06/19 11:45:31 CDT,authorized,10266,Kennan,4725,SplunkTel,1
1529429849,2018/06/19 12:37:29 CDT,authorized,10267,Noelle,449,SplunkFin,2
1529427738,2018/06/19 12:02:18 CDT,authorized,10268,Aurelia,3385,SplunkFin,2
1529429916,2018/06/19 12:38:36 CDT,authorized,10269,Colette,3346,ButtercupGames,2
1529436430,2018/06/19 14:27:10 CDT,authorized,10270,Ishmael,397,ButtercupGames,2
1529429454,2018/06/19 12:30:54 CDT,authorized,10271,Cheyenne,4605,SplunkTel,2
1529426880,2018/06/19 11:48:00 CDT,authorized,10272,Amity,4046,ButtercupGames,4
1529431820,2018/06/19 13:10:20 CDT,authorized,10273,Colt,74,ButtercupGames,1
1529423998,2018/06/19 10:59:58 CDT,authorized,10274,Fiona,4458,SplunkFin,1
1529426382,2018/06/19 11:39:42 CDT,authorized,10275,Demetria,1950,SplunkFin,1
1529432964,2018/06/19 13:29:24 CDT,cancelled,10276,Bree,2425,ButtercupGames,1
1529427099,2018/06/19 11:51:39 CDT,authorized,10277,Jeanette,3452,SplunkFin,1
1529429882,2018/06/19 12:38:02 CDT,authorized,10278,Violet,3191,SplunkFin,1
1529434755,2018/06/19 13:59:15 CDT,authorized,10279,Abel,4026,SplunkTel,2
1529424038,2018/06/19 11:00:38 CDT,authorized,10280,Zoe,597,SplunkTel,2
1529425875,2018/06/19 11:31:15 CDT,authorized,10281,Linda,2938,ButtercupGames,1
1529436783,2018/06/19 14:33:03 CDT,authorized,10282,Cally,3560,SplunkFin,2
1529424824,2018/06/19 11:13:44 CDT,authorized,10283,Ulric,3668,SplunkTel,1
1529430593,2018/06/19 12:49:53 CDT,authorized,10284,Samuel,2276,SplunkFin,1
1529431358,2018/06/19 13:02:38 CDT,authorized,10285,Lawrence,2960,SplunkFin,1
1529434403,2018/06/19 13:53:23 CDT,authorized,10286,Nyssa,715,ButtercupGames,2
1529426673,2018/06/19 11:44:33 CDT,authorized,10287,Skyler,2807,SplunkFin,1
1529434252,2018/06/19 13:50:52 CDT,authorized,10288,Joseph,4557,SplunkTel,1
1529433512,2018/06/19 13:38:32 CDT,authorized,10289,Fredericka,480,ButtercupGames,2
1529426026,2018/06/19 11:33:46 CDT,authorized,10290,Cairo,3690,SplunkTel,2
1529428201,2018/06/19 12:10:01 CDT,authorized,10291,Dorian,2007,SplunkTel,2
1529436414,2018/06/19 14:26:54 CDT,authorized,10292,Amelia,390,SplunkTel,2
1529427588,2018/06/19 11:59:48 CDT,authorized,10293,Beck,3776,ButtercupGames,1
1529427420,2018/06/19 11:57:00 CDT,authorized,10294,Wallace,2447,SplunkTel,1
1529427141,2018/06/19 11:52:21 CDT,authorized,10295,Jolene,4024,SplunkTel,1
1529431725,2018/06/19 13:08:45 CDT,authorized,10296,Walter,2346,SplunkTel,2
1529433952,2018/06/19 13:45:52 CDT,authorized,10297,Hyatt,2763,SplunkTel,2
1529427008,2018/06/19 11:50:08 CDT,authorized,10298,Chaney,4424,ButtercupGames,1
1529432706,2018/06/19 13:25:06 CDT,authorized,10299,Fredericka,1615,SplunkFin,2
1529433197,2018/06/19 13:33:17 CDT,authorized,10300,Regina,3248,SplunkFin,2
1529432753,2018/06/19 13:25:53 CDT,authorized,10301,Raphael,3866,ButtercupGames,2
1529436356,2018/06/19 14:25:56 CDT,authorized,10302,Tate,4588,SplunkFin,5
1529435672,2018/06/19 14:14:32 CDT,authorized,10303,Brody,138,SplunkTel,2
1529435453,2018/06/19 14:10:53 CDT,authorized,10304,Dai,192,SplunkTel,1
1529432395,2018/06/19 13:19:55 CDT,authorized,10305,Rina,3032,ButtercupGames,1
1529435076,2018/06/19 14:04:36 CDT,authorized,10306,Hashim,4109,ButtercupGames,1
1529432707,2018/06/19 13:25:07 CDT,authorized,10307,Knox,3230,ButtercupGames,2
1529430099,2018/06/19 12:41:39 CDT,authorized,10308,Cullen,2677,SplunkFin,1
1529433200,2018/06/19 13:33:20 CDT,authorized,10309,Berk,1635,ButtercupGames,2
1529429781,2018/06/19 12:36:21 CDT,authorized,10310,Gavin,4614,SplunkTel,2
1529428566,2018/06/19 12:16:06 CDT,authorized,10311,Daryl,2203,ButtercupGames,1
1529437746,2018/06/19 14:49:06 CDT,authorized,10312,Bertha,471,SplunkTel,2
1529428324,2018/06/19 12:12:04 CDT,authorized,10313,Ciaran,3939,ButtercupGames,1
1529429601,2018/06/19 12:33:21 CDT,authorized,10314,Raymond,712,ButtercupGames,1
1529436641,2018/06/19 14:30:41 CDT,authorized,10315,Ashton,2290,SplunkFin,1
1529434914,2018/06/19 14:01:54 CDT,authorized,10316,Chiquita,3026,ButtercupGames,1
1529432173,2018/06/19 13:16:13 CDT,authorized,10317,Iola,4050,SplunkTel,2
1529423754,2018/06/19 10:55:54 CDT,authorized,10318,Rina,1028,SplunkFin,2
1529437056,2018/06/19 14:37:36 CDT,authorized,10319,Mark,4923,SplunkFin,2
1529429448,2018/06/19 12:30:48 CDT,authorized,10320,Noah,4703,ButtercupGames,1
1529436724,2018/06/19 14:32:04 CDT,authorized,10321,Ann,3067,ButtercupGames,1
1529435400,2018/06/19 14:10:00 CDT,authorized,10322,Amy,836,ButtercupGames,2
1529425652,2018/06/19 11:27:32 CDT,authorized,10323,Caldwell,4396,SplunkTel,1
1529428986,2018/06/19 12:23:06 CDT,authorized,10324,Rinah,3476,ButtercupGames,2
1529426497,2018/06/19 11:41:37 CDT,authorized,10325,Calista,3228,ButtercupGames,2
1529425009,2018/06/19 11:16:49 CDT,authorized,10326,Ignatius,2599,SplunkFin,1
1529424941,2018/06/19 11:15:41 CDT,authorized,10327,Norman,3719,SplunkTel,1
1529432415,2018/06/19 13:20:15 CDT,authorized,10328,Julie,2437,SplunkTel,2
1529436886,2018/06/19 14:34:46 CDT,authorized,10329,Uriel,223,ButtercupGames,1
1529436563,2018/06/19 14:29:23 CDT,authorized,10330,Ursa,2722,SplunkTel,2
1529425852,2018/06/19 11:30:52 CDT,authorized,10331,Stacy,3926,SplunkTel,1
1529437692,2018/06/19 14:48:12 CDT,authorized,10332,Dominic,1857,SplunkFin,1
1529432546,2018/06/19 13:22:26 CDT,error,10333,Regina,3793,ButtercupGames,1
1529428209,2018/06/19 12:10:09 CDT,authorized,10334,Dean,2110,SplunkTel,1
1529428370,2018/06/19 12:12:50 CDT,authorized,10335,Quinn,882,SplunkTel,1
1529431440,2018/06/19 13:04:00 CDT,authorized,10336,Leah,3365,SplunkFin,1
1529434674,2018/06/19 13:57:54 CDT,authorized,10337,Quincy,4336,SplunkFin,1
1529435696,2018/06/19 14:14:56 CDT,authorized,10338,Melinda,3676,SplunkFin,2
1529437445,2018/06/19 14:44:05 CDT,authorized,10339,Kimberley,262,ButtercupGames,2
1529428107,2018/06/19 12:08:27 CDT,authorized,10340,Elizabeth,2757,SplunkFin,2
1529424389,2018/06/19 11:06:29 CDT,authorized,10341,Brynn,1392,ButtercupGames,1
1529424415,2018/06/19 11:06:55 CDT,authorized,10342,Mohammad,3239,ButtercupGames,2
1529434073,2018/06/19 13:47:53 CDT,authorized,10343,Erica,42,ButtercupGames,2
1529434563,2018/06/19 13:56:03 CDT,authorized,10344,Denton,3651,SplunkTel,2
1529434047,2018/06/19 13:47:27 CDT,error,10345,Zeus,300,SplunkTel,2
1529429117,2018/06/19 12:25:17 CDT,authorized,10346,Addison,3960,SplunkFin,2
1529424779,2018/06/19 11:12:59 CDT,authorized,10347,Bernard,1554,SplunkTel,1
1529426667,2018/06/19 11:44:27 CDT,authorized,10348,Sydney,2235,ButtercupGames,2
1529432484,2018/06/19 13:21:24 CDT,authorized,10349,Jonah,2700,ButtercupGames,1
1529423965,2018/06/19 10:59:25 CDT,authorized,10350,Bert,1024,ButtercupGames,1
1529424430,2018/06/19 11:07:10 CDT,authorized,10351,Driscoll,1246,SplunkTel,2
1529434154,2018/06/19 13:49:14 CDT,authorized,10352,Cullen,1036,SplunkTel,2
1529435371,2018/06/19 14:09:31 CDT,authorized,10353,Richard,3889,SplunkTel,2
1529434288,2018/06/19 13:51:28 CDT,authorized,10354,Ryder,4298,SplunkTel,1
1529434735,2018/06/19 13:58:55 CDT,authorized,10355,Grant,3035,SplunkFin,2
1529434636,2018/06/19 13:57:16 CDT,authorized,10356,Chaim,4594,SplunkFin,1
1529436005,2018/06/19 14:20:05 CDT,authorized,10357,Ursa,1334,ButtercupGames,2
1529432823,2018/06/19 13:27:03 CDT,authorized,10358,Irene,2709,SplunkTel,1
1529430353,2018/06/19 12:45:53 CDT,authorized,10359,Ima,906,SplunkTel,2
1529433911,2018/06/19 13:45:11 CDT,denied,10360,Elton,3667,SplunkFin,1
1529425371,2018/06/19 11:22:51 CDT,authorized,10361,Brennan,4033,ButtercupGames,2
1529436771,2018/06/19 14:32:51 CDT,authorized,10362,Maggy,3917,ButtercupGames,2
1529432818,2018/06/19 13:26:58 CDT,authorized,10363,Sydnee,1152,SplunkFin,1
1529436723,2018/06/19 14:32:03 CDT,authorized,10364,Kato,729,SplunkTel,1
1529435283,2018/06/19 14:08:03 CDT,authorized,10365,Fuller,1636,SplunkTel,1
1529428342,2018/06/19 12:12:22 CDT,authorized,10366,Michael,4347,SplunkFin,2
1529434777,2018/06/19 13:59:37 CDT,authorized,10367,Rhea,820,SplunkTel,2
1529428165,2018/06/19 12:09:25 CDT,authorized,10368,Tad,4938,SplunkFin,2
1529428094,2018/06/19 12:08:14 CDT,authorized,10369,Tyler,2338,SplunkTel,2
1529431786,2018/06/19 13:09:46 CDT,authorized,10370,Maxwell,4681,SplunkTel,2
1529435777,2018/06/19 14:16:17 CDT,authorized,10371,Barrett,3221,ButtercupGames,2
1529429343,2018/06/19 12:29:03 CDT,authorized,10372,Medge,2229,SplunkFin,1
1529425955,2018/06/19 11:32:35 CDT,authorized,10373,Hollee,4808,SplunkFin,1
1529434057,2018/06/19 13:47:37 CDT,authorized,10374,Griffin,2218,ButtercupGames,1
1529428306,2018/06/19 12:11:46 CDT,authorized,10375,Merrill,1065,ButtercupGames,1
1529428549,2018/06/19 12:15:49 CDT,authorized,10376,Hanna,3993,SplunkFin,1
1529428705,2018/06/19 12:18:25 CDT,authorized,10377,Rylee,1818,SplunkTel,1
1529435122,2018/06/19 14:05:22 CDT,authorized,10378,Leo,626,SplunkTel,2
1529424087,2018/06/19 11:01:27 CDT,authorized,10379,Cassady,2630,SplunkFin,2
1529429683,2018/06/19 12:34:43 CDT,authorized,10380,Jaden,4318,ButtercupGames,1
1529432173,2018/06/19 13:16:13 CDT,authorized,10381,Julian,4740,ButtercupGames,2
1529434507,2018/06/19 13:55:07 CDT,authorized,10382,Kareem,2703,ButtercupGames,1
1529425877,2018/06/19 11:31:17 CDT,authorized,10383,Jael,539,SplunkTel,6
1529435273,2018/06/19 14:07:53 CDT,authorized,10384,Kirk,2211,SplunkFin,1
1529426763,2018/06/19 11:46:03 CDT,authorized,10385,Xaviera,3690,SplunkFin,2
1529424337,2018/06/19 11:05:37 CDT,authorized,10386,Isabella,3644,SplunkTel,1
1529424657,2018/06/19 11:10:57 CDT,authorized,10387,Phyllis,4484,SplunkFin,1
1529432695,2018/06/19 13:24:55 CDT,authorized,10388,Hashim,2564,SplunkTel,2
1529424836,2018/06/19 11:13:56 CDT,authorized,10389,Roary,2786,ButtercupGames,2
1529432318,2018/06/19 13:18:38 CDT,authorized,10390,Alvin,4293,SplunkTel,2
1529436294,2018/06/19 14:24:54 CDT,authorized,10391,Elijah,1809,SplunkFin,2
1529431650,2018/06/19 13:07:30 CDT,authorized,10392,Molly,3985,SplunkTel,1
1529435809,2018/06/19 14:16:49 CDT,authorized,10393,Sierra,2192,SplunkFin,1
1529425359,2018/06/19 11:22:39 CDT,authorized,10394,Grant,4863,SplunkFin,1
1529431491,2018/06/19 13:04:51 CDT,authorized,10395,Bernard,1847,ButtercupGames,2
1529425962,2018/06/19 11:32:42 CDT,authorized,10396,Shafira,502,SplunkFin,2
1529427008,2018/06/19 11:50:08 CDT,authorized,10397,Astra,2933,SplunkFin,1
1529433175,2018/06/19 13:32:55 CDT,authorized,10398,Heather,328,SplunkFin,2
1529430958,2018/06/19 12:55:58 CDT,authorized,10399,Dawn,2791,ButtercupGames,2
1529433714,2018/06/19 13:41:54 CDT,authorized,10400,Kaye,3291,SplunkTel,2
1529434201,2018/06/19 13:50:01 CDT,authorized,10401,Hall,4586,ButtercupGames,2
1529434584,2018/06/19 13:56:24 CDT,authorized,10402,Angelica,3910,SplunkTel,2
1529427399,2018/06/19 11:56:39 CDT,authorized,10403,Cameron,1798,ButtercupGames,1
1529432054,2018/06/19 13:14:14 CDT,authorized,10404,Uma,1168,SplunkTel,1
1529426051,2018/06/19 11:34:11 CDT,authorized,10405,Alika,1178,ButtercupGames,1
1529431704,2018/06/19 13:08:24 CDT,authorized,10406,Peter,2062,ButtercupGames,2
1529435735,2018/06/19 14:15:35 CDT,authorized,10407,Kennan,3689,ButtercupGames,1
1529434351,2018/06/19 13:52:31 CDT,authorized,10408,Kirby,2063,SplunkFin,3
1529433329,2018/06/19 13:35:29 CDT,authorized,10409,Kirestin,3834,ButtercupGames,2
1529432812,2018/06/19 13:26:52 CDT,authorized,10410,Delilah,2741,SplunkTel,1
1529436545,2018/06/19 14:29:05 CDT,authorized,10411,Hasad,2950,SplunkFin,2
1529429379,2018/06/19 12:29:39 CDT,authorized,10412,Damon,1972,SplunkTel,1
1529433930,2018/06/19 13:45:30 CDT,authorized,10413,Libby,1187,SplunkFin,1
1529428558,2018/06/19 12:15:58 CDT,authorized,10414,Madeson,2389,ButtercupGames,1
1529426693,2018/06/19 11:44:53 CDT,authorized,10415,Wendy,2420,ButtercupGames,1
1529428285,2018/06/19 12:11:25 CDT,authorized,10416,Hilda,423,ButtercupGames,2
1529426072,2018/06/19 11:34:32 CDT,authorized,10417,Signe,4161,ButtercupGames,2
1529437230,2018/06/19 14:40:30 CDT,authorized,10418,Alisa,532,SplunkTel,2
1529430476,2018/06/19 12:47:56 CDT,authorized,10419,Phelan,3218,ButtercupGames,1
1529436420,2018/06/19 14:27:00 CDT,authorized,10420,Thor,3934,SplunkFin,1
1529434080,2018/06/19 13:48:00 CDT,authorized,10421,Hector,1467,ButtercupGames,2
1529435167,2018/06/19 14:06:07 CDT,authorized,10422,Grady,4216,SplunkFin,1
1529434743,2018/06/19 13:59:03 CDT,authorized,10423,Kenyon,3967,SplunkFin,2
1529434460,2018/06/19 13:54:20 CDT,authorized,10424,Salvador,574,ButtercupGames,2
1529429078,2018/06/19 12:24:38 CDT,authorized,10425,Jack,4333,SplunkTel,1
1529436208,2018/06/19 14:23:28 CDT,authorized,10426,Briar,2587,SplunkFin,1
1529433558,2018/06/19 13:39:18 CDT,authorized,10427,Cleo,1751,ButtercupGames,2
1529433107,2018/06/19 13:31:47 CDT,authorized,10428,Ali,3751,SplunkFin,1
1529435865,2018/06/19 14:17:45 CDT,authorized,10429,Cullen,3554,ButtercupGames,2
1529428937,2018/06/19 12:22:17 CDT,authorized,10430,Flo,339,SplunkTel,1
1529424877,2018/06/19 11:14:37 CDT,authorized,10431,Chastity,3760,SplunkFin,1
1529434825,2018/06/19 14:00:25 CDT,authorized,10432,Gregory,4593,ButtercupGames,1
1529430298,2018/06/19 12:44:58 CDT,authorized,10433,Micah,4291,SplunkFin,1
1529430083,2018/06/19 12:41:23 CDT,authorized,10434,Scarlett,2259,ButtercupGames,1
1529434660,2018/06/19 13:57:40 CDT,authorized,10435,Germane,4305,ButtercupGames,1
1529427676,2018/06/19 12:01:16 CDT,authorized,10436,Hu,3278,SplunkTel,1
1529426162,2018/06/19 11:36:02 CDT,authorized,10437,Andrew,2095,ButtercupGames,2
1529434994,2018/06/19 14:03:14 CDT,authorized,10438,Prescott,671,SplunkTel,2
1529428015,2018/06/19 12:06:55 CDT,authorized,10439,Kelly,2935,SplunkTel,2
1529431084,2018/06/19 12:58:04 CDT,authorized,10440,Kimberley,4089,ButtercupGames,1
1529429979,2018/06/19 12:39:39 CDT,authorized,10441,Daniel,1491,SplunkFin,2
1529434640,2018/06/19 13:57:20 CDT,authorized,10442,Aaron,2463,ButtercupGames,2
1529432365,2018/06/19 13:19:25 CDT,authorized,10443,Eliana,1831,ButtercupGames,2
1529431845,2018/06/19 13:10:45 CDT,authorized,10444,Griffith,1071,SplunkFin,2
1529435921,2018/06/19 14:18:41 CDT,authorized,10445,Rafael,4517,SplunkFin,2
1529426059,2018/06/19 11:34:19 CDT,authorized,10446,Rajah,2365,SplunkTel,1
1529432384,2018/06/19 13:19:44 CDT,authorized,10447,Amal,2667,ButtercupGames,2
1529428539,2018/06/19 12:15:39 CDT,authorized,10448,Odysseus,1253,SplunkFin,1
1529427680,2018/06/19 12:01:20 CDT,authorized,10449,Yoshio,3252,SplunkFin,1
1529423520,2018/06/19 10:52:00 CDT,authorized,10450,Shelby,4181,ButtercupGames,2
1529433161,2018/06/19 13:32:41 CDT,authorized,10451,Rosalyn,3343,SplunkTel,2
1529434171,2018/06/19 13:49:31 CDT,authorized,10452,Rebecca,2477,SplunkTel,2
1529435527,2018/06/19 14:12:07 CDT,authorized,10453,Ronan,4189,ButtercupGames,1
1529428178,2018/06/19 12:09:38 CDT,authorized,10454,Chloe,1963,SplunkFin,2
1529428379,2018/06/19 12:12:59 CDT,authorized,10455,Sade,2302,SplunkTel,1
1529436142,2018/06/19 14:22:22 CDT,authorized,10456,Emerson,2848,SplunkTel,5
1529425575,2018/06/19 11:26:15 CDT,authorized,10457,Whoopi,2053,ButtercupGames,1
1529432673,2018/06/19 13:24:33 CDT,authorized,10458,Wyoming,163,SplunkTel,2
1529423584,2018/06/19 10:53:04 CDT,authorized,10459,Peter,2894,ButtercupGames,1
1529426842,2018/06/19 11:47:22 CDT,authorized,10460,Dennis,1969,ButtercupGames,2
1529429901,2018/06/19 12:38:21 CDT,authorized,10461,Abbot,430,ButtercupGames,2
1529430751,2018/06/19 12:52:31 CDT,authorized,10462,Cooper,1347,SplunkTel,1
1529429733,2018/06/19 12:35:33 CDT,authorized,10463,Levi,4995,SplunkTel,1
1529424023,2018/06/19 11:00:23 CDT,authorized,10464,Alfonso,1770,ButtercupGames,1
1529425519,2018/06/19 11:25:19 CDT,authorized,10465,Deborah,4708,ButtercupGames,2
1529431248,2018/06/19 13:00:48 CDT,authorized,10466,Michael,3471,ButtercupGames,2
1529428820,2018/06/19 12:20:20 CDT,authorized,10467,Jermaine,487,SplunkFin,2
1529430718,2018/06/19 12:51:58 CDT,authorized,10468,Leila,2066,ButtercupGames,2
1529424869,2018/06/19 11:14:29 CDT,authorized,10469,Briar,3128,SplunkTel,2
1529435130,2018/06/19 14:05:30 CDT,authorized,10470,Elizabeth,606,SplunkFin,2
1529437225,2018/06/19 14:40:25 CDT,authorized,10471,Ifeoma,1617,SplunkTel,1
1529424678,2018/06/19 11:11:18 CDT,authorized,10472,Kibo,2788,ButtercupGames,1
1529430717,2018/06/19 12:51:57 CDT,authorized,10473,Caldwell,932,SplunkTel,1
1529436445,2018/06/19 14:27:25 CDT,authorized,10474,Nissim,3168,SplunkTel,1
1529424993,2018/06/19 11:16:33 CDT,authorized,10475,Kellie,1542,SplunkTel,1
1529436556,2018/06/19 14:29:16 CDT,authorized,10476,Harrison,4145,SplunkFin,1
1529429394,2018/06/19 12:29:54 CDT,authorized,10477,Hector,3116,SplunkFin,2
1529424380,2018/06/19 11:06:20 CDT,authorized,10478,Dominique,1350,SplunkTel,2
1529427382,2018/06/19 11:56:22 CDT,authorized,10479,Alden,3082,SplunkTel,1
1529425931,2018/06/19 11:32:11 CDT,authorized,10480,Magee,4335,ButtercupGames,2
1529431880,2018/06/19 13:11:20 CDT,authorized,10481,Darius,2339,SplunkTel,1
1529435414,2018/06/19 14:10:14 CDT,authorized,10482,Reece,4357,SplunkFin,1
1529425599,2018/06/19 11:26:39 CDT,authorized,10483,Mannix,643,SplunkTel,1
1529429926,2018/06/19 12:38:46 CDT,authorized,10484,Glenna,1743,SplunkFin,2
1529431856,2018/06/19 13:10:56 CDT,authorized,10485,Nyssa,1440,ButtercupGames,1
1529424818,2018/06/19 11:13:38 CDT,authorized,10486,Bianca,436,SplunkTel,1
1529423507,2018/06/19 10:51:47 CDT,authorized,10487,Jonah,1300,SplunkTel,2
1529425695,2018/06/19 11:28:15 CDT,authorized,10488,Timothy,1037,SplunkFin,2
1529424866,2018/06/19 11:14:26 CDT,authorized,10489,Odysseus,3793,ButtercupGames,2
1529423528,2018/06/19 10:52:08 CDT,authorized,10490,Andrew,1206,ButtercupGames,2
1529426116,2018/06/19 11:35:16 CDT,authorized,10491,Celeste,973,ButtercupGames,1
1529437142,2018/06/19 14:39:02 CDT,authorized,10492,Scarlett,3035,ButtercupGames,1
1529434492,2018/06/19 13:54:52 CDT,authorized,10493,Martha,3789,SplunkTel,1
1529436095,2018/06/19 14:21:35 CDT,authorized,10494,Isaac,217,SplunkFin,2
1529425876,2018/06/19 11:31:16 CDT,authorized,10495,Peter,3910,SplunkFin,6
1529424085,2018/06/19 11:01:25 CDT,authorized,10496,Isaiah,1154,SplunkTel,1
1529435783,2018/06/19 14:16:23 CDT,authorized,10497,Farrah,901,SplunkFin,2
1529436418,2018/06/19 14:26:58 CDT,authorized,10498,Randall,4288,SplunkTel,2
1529426007,2018/06/19 11:33:27 CDT,authorized,10499,Meredith,892,SplunkFin,5
1529514184,2018/06/20 12:03:04 CDT,authorized,10000,Nicole,3573,SplunkTel,1
1529520505,2018/06/20 13:48:25 CDT,authorized,10001,Allegra,3875,SplunkFin,2
1529512926,2018/06/20 11:42:06 CDT,authorized,10002,Chase,2995,SplunkFin,4
1529510917,2018/06/20 11:08:37 CDT,authorized,10003,Christine,4606,ButtercupGames,5
1529511748,2018/06/20 11:22:28 CDT,authorized,10004,Linda,1603,ButtercupGames,1
1529521813,2018/06/20 14:10:13 CDT,authorized,10005,Jenna,2825,SplunkTel,2
1529514792,2018/06/20 12:13:12 CDT,authorized,10006,Lars,1001,SplunkTel,1
1529516610,2018/06/20 12:43:30 CDT,authorized,10007,Duncan,2780,SplunkFin,2
1529516041,2018/06/20 12:34:01 CDT,authorized,10008,Orson,4828,SplunkFin,2
1529513817,2018/06/20 11:56:57 CDT,authorized,10009,MacKensie,1421,ButtercupGames,1
1529521037,2018/06/20 13:57:17 CDT,authorized,10010,Nicole,3182,SplunkTel,1
1529515549,2018/06/20 12:25:49 CDT,authorized,10011,Adena,548,SplunkFin,1
1529517339,2018/06/20 12:55:39 CDT,authorized,10012,Jerry,2048,ButtercupGames,2
1529523707,2018/06/20 14:41:47 CDT,authorized,10013,Libby,2922,ButtercupGames,1
1529517943,2018/06/20 13:05:43 CDT,authorized,10014,Aphrodite,3056,SplunkFin,2
1529523862,2018/06/20 14:44:22 CDT,authorized,10015,Hop,2252,SplunkTel,2
1529516710,2018/06/20 12:45:10 CDT,authorized,10016,Hamilton,4769,ButtercupGames,1
1529510638,2018/06/20 11:03:58 CDT,authorized,10017,Ciara,1474,SplunkTel,2
1529517151,2018/06/20 12:52:31 CDT,authorized,10018,Sigourney,2310,SplunkFin,1
1529522984,2018/06/20 14:29:44 CDT,authorized,10019,Tamara,3615,SplunkFin,1
1529512290,2018/06/20 11:31:30 CDT,authorized,10020,Nerea,606,SplunkFin,1
1529523443,2018/06/20 14:37:23 CDT,authorized,10021,Julian,4929,ButtercupGames,1
1529521065,2018/06/20 13:57:45 CDT,authorized,10022,Nash,387,SplunkFin,2
1529513913,2018/06/20 11:58:33 CDT,authorized,10023,Kelsie,2519,SplunkFin,2
1529518860,2018/06/20 13:21:00 CDT,authorized,10024,Yoko,3769,ButtercupGames,2
1529514199,2018/06/20 12:03:19 CDT,authorized,10025,Maia,2296,SplunkTel,1
1529510711,2018/06/20 11:05:11 CDT,authorized,10026,Howard,2610,SplunkFin,1
1529514911,2018/06/20 12:15:11 CDT,authorized,10027,Chancellor,1933,SplunkTel,2
1529515812,2018/06/20 12:30:12 CDT,authorized,10028,Harrison,34,SplunkTel,1
1529510015,2018/06/20 10:53:35 CDT,authorized,10029,Wendy,2478,SplunkTel,2
1529523739,2018/06/20 14:42:19 CDT,authorized,10030,Prescott,4825,SplunkTel,2
1529523968,2018/06/20 14:46:08 CDT,authorized,10031,Ulla,3924,SplunkFin,1
1529518875,2018/06/20 13:21:15 CDT,authorized,10032,Dawn,1329,SplunkTel,1
1529517854,2018/06/20 13:04:14 CDT,authorized,10033,Stella,450,SplunkTel,2
1529510879,2018/06/20 11:07:59 CDT,authorized,10034,Austin,4196,SplunkFin,1
1529511933,2018/06/20 11:25:33 CDT,authorized,10035,Keane,461,ButtercupGames,2
1529519766,2018/06/20 13:36:06 CDT,authorized,10036,Otto,4979,SplunkFin,1
1529517342,2018/06/20 12:55:42 CDT,authorized,10037,Burke,4940,SplunkFin,1
1529520062,2018/06/20 13:41:02 CDT,authorized,10038,Signe,2904,SplunkFin,1
1529519870,2018/06/20 13:37:50 CDT,authorized,10039,Ivor,604,ButtercupGames,1
1529513882,2018/06/20 11:58:02 CDT,denied,10040,Candice,3195,SplunkTel,1
1529510060,2018/06/20 10:54:20 CDT,authorized,10041,Josephine,1283,SplunkTel,1
1529523607,2018/06/20 14:40:07 CDT,authorized,10042,Laura,846,SplunkTel,1
1529510558,2018/06/20 11:02:38 CDT,authorized,10043,Adara,2944,SplunkTel,2
1529516049,2018/06/20 12:34:09 CDT,authorized,10044,Leila,229,SplunkFin,2
1529521488,2018/06/20 14:04:48 CDT,authorized,10045,Carolyn,598,SplunkTel,2
1529515082,2018/06/20 12:18:02 CDT,authorized,10046,Denise,4926,SplunkFin,1
1529513779,2018/06/20 11:56:19 CDT,authorized,10047,Alec,48,ButtercupGames,2
1529519959,2018/06/20 13:39:19 CDT,authorized,10048,Gabriel,1900,SplunkFin,2
1529512164,2018/06/20 11:29:24 CDT,authorized,10049,Lacy,3227,SplunkTel,2
1529514073,2018/06/20 12:01:13 CDT,authorized,10050,Slade,477,ButtercupGames,2
1529510751,2018/06/20 11:05:51 CDT,authorized,10051,Xaviera,2585,SplunkTel,2
1529518281,2018/06/20 13:11:21 CDT,authorized,10052,Jaquelyn,1891,SplunkTel,1
1529517967,2018/06/20 13:06:07 CDT,authorized,10053,Harriet,2049,SplunkTel,2
1529515960,2018/06/20 12:32:40 CDT,authorized,10054,Rhoda,508,SplunkFin,1
1529519532,2018/06/20 13:32:12 CDT,authorized,10055,Fitzgerald,892,ButtercupGames,1
1529521994,2018/06/20 14:13:14 CDT,authorized,10056,Stewart,1635,SplunkTel,2
1529509834,2018/06/20 10:50:34 CDT,authorized,10057,Sara,733,SplunkTel,2
1529511219,2018/06/20 11:13:39 CDT,authorized,10058,Glenna,1130,SplunkTel,2
1529514101,2018/06/20 12:01:41 CDT,denied,10059,Colton,3538,SplunkTel,1
1529521515,2018/06/20 14:05:15 CDT,authorized,10060,Len,3597,SplunkTel,2
1529518507,2018/06/20 13:15:07 CDT,authorized,10061,Keith,4895,SplunkTel,1
1529511830,2018/06/20 11:23:50 CDT,authorized,10062,Cynthia,4451,SplunkTel,2
1529513630,2018/06/20 11:53:50 CDT,authorized,10063,Lee,4943,SplunkFin,1
1529521224,2018/06/20 14:00:24 CDT,authorized,10064,Judith,2439,SplunkFin,2
1529516159,2018/06/20 12:35:59 CDT,authorized,10065,Leila,2936,SplunkTel,1
1529517766,2018/06/20 13:02:46 CDT,authorized,10066,Erich,4160,ButtercupGames,2
1529520664,2018/06/20 13:51:04 CDT,authorized,10067,Michelle,3595,ButtercupGames,2
1529513120,2018/06/20 11:45:20 CDT,authorized,10068,Kiona,574,SplunkTel,1
1529518949,2018/06/20 13:22:29 CDT,authorized,10069,Cain,1206,ButtercupGames,1
1529511975,2018/06/20 11:26:15 CDT,authorized,10070,Jared,2423,SplunkTel,1
1529522630,2018/06/20 14:23:50 CDT,denied,10071,Raphael,302,ButtercupGames,2
1529511013,2018/06/20 11:10:13 CDT,authorized,10072,Brianna,475,SplunkTel,2
1529518490,2018/06/20 13:14:50 CDT,authorized,10073,Regan,1655,SplunkTel,2
1529515496,2018/06/20 12:24:56 CDT,authorized,10074,Armando,694,SplunkFin,2
1529520875,2018/06/20 13:54:35 CDT,authorized,10075,Sydney,1745,SplunkFin,2
1529517587,2018/06/20 12:59:47 CDT,authorized,10076,Yasir,3116,SplunkFin,2
1529518857,2018/06/20 13:20:57 CDT,authorized,10077,Molly,2810,SplunkTel,1
1529513871,2018/06/20 11:57:51 CDT,authorized,10078,Preston,2248,SplunkFin,1
1529516945,2018/06/20 12:49:05 CDT,authorized,10079,Portia,2002,SplunkFin,1
1529513034,2018/06/20 11:43:54 CDT,authorized,10080,Stephen,3803,ButtercupGames,1
1529523085,2018/06/20 14:31:25 CDT,authorized,10081,Maite,884,SplunkFin,1
1529518728,2018/06/20 13:18:48 CDT,authorized,10082,Carlos,4280,SplunkFin,1
1529515403,2018/06/20 12:23:23 CDT,authorized,10083,Arden,4466,SplunkTel,2
1529516323,2018/06/20 12:38:43 CDT,authorized,10084,Matthew,371,SplunkTel,2
1529522269,2018/06/20 14:17:49 CDT,authorized,10085,Neil,3168,ButtercupGames,1
1529516067,2018/06/20 12:34:27 CDT,authorized,10086,Sigourney,3517,SplunkFin,2
1529514736,2018/06/20 12:12:16 CDT,authorized,10087,Maite,3174,SplunkTel,1
1529513539,2018/06/20 11:52:19 CDT,authorized,10088,Jamalia,732,SplunkTel,1
1529512315,2018/06/20 11:31:55 CDT,authorized,10089,Reese,3154,SplunkTel,1
1529515560,2018/06/20 12:26:00 CDT,authorized,10090,Gil,970,SplunkFin,2
1529512561,2018/06/20 11:36:01 CDT,authorized,10091,Alan,1318,SplunkFin,1
1529514073,2018/06/20 12:01:13 CDT,authorized,10092,Gisela,1152,ButtercupGames,1
1529514072,2018/06/20 12:01:12 CDT,authorized,10093,Olympia,4269,SplunkFin,2
1529515828,2018/06/20 12:30:28 CDT,authorized,10094,Jescie,3482,SplunkTel,2
1529519103,2018/06/20 13:25:03 CDT,authorized,10095,Conan,1033,ButtercupGames,2
1529524177,2018/06/20 14:49:37 CDT,authorized,10096,Forrest,3072,SplunkTel,2
1529515190,2018/06/20 12:19:50 CDT,authorized,10097,Yen,145,SplunkFin,1
1529524148,2018/06/20 14:49:08 CDT,denied,10098,Leila,1468,SplunkFin,1
1529514343,2018/06/20 12:05:43 CDT,authorized,10099,Roanna,830,SplunkFin,1
1529521904,2018/06/20 14:11:44 CDT,authorized,10100,Galena,2871,SplunkTel,2
1529518342,2018/06/20 13:12:22 CDT,authorized,10101,Lionel,3501,ButtercupGames,2
1529516371,2018/06/20 12:39:31 CDT,authorized,10102,Macon,1579,SplunkFin,1
1529518673,2018/06/20 13:17:53 CDT,authorized,10103,Rooney,1711,SplunkFin,5
1529513032,2018/06/20 11:43:52 CDT,authorized,10104,Rowan,4678,SplunkTel,2
1529510560,2018/06/20 11:02:40 CDT,authorized,10105,Idola,3266,SplunkFin,2
1529512375,2018/06/20 11:32:55 CDT,authorized,10106,Basil,3729,SplunkFin,1
1529519343,2018/06/20 13:29:03 CDT,authorized,10107,Hasad,4402,ButtercupGames,1
1529521753,2018/06/20 14:09:13 CDT,authorized,10108,Jessica,776,SplunkTel,1
1529523215,2018/06/20 14:33:35 CDT,authorized,10109,Fritz,2868,SplunkFin,2
1529511004,2018/06/20 11:10:04 CDT,authorized,10110,Luke,3853,ButtercupGames,1
1529521642,2018/06/20 14:07:22 CDT,denied,10111,Shana,2291,SplunkFin,2
1529522272,2018/06/20 14:17:52 CDT,authorized,10112,Keith,4029,ButtercupGames,2
1529521416,2018/06/20 14:03:36 CDT,authorized,10113,Brandon,4453,ButtercupGames,1
1529523288,2018/06/20 14:34:48 CDT,authorized,10114,Jamalia,1835,SplunkFin,2
1529509980,2018/06/20 10:53:00 CDT,authorized,10115,Jasmine,579,SplunkFin,1
1529516863,2018/06/20 12:47:43 CDT,authorized,10116,Luke,2787,ButtercupGames,1
1529520105,2018/06/20 13:41:45 CDT,authorized,10117,Carol,1839,SplunkTel,1
1529518548,2018/06/20 13:15:48 CDT,authorized,10118,Lewis,4929,SplunkTel,1
1529520937,2018/06/20 13:55:37 CDT,authorized,10119,Lila,1283,ButtercupGames,2
1529518859,2018/06/20 13:20:59 CDT,authorized,10120,Angela,2608,SplunkFin,2
1529515498,2018/06/20 12:24:58 CDT,authorized,10121,Lysandra,787,SplunkFin,2
1529523163,2018/06/20 14:32:43 CDT,authorized,10122,Xena,4670,ButtercupGames,1
1529512378,2018/06/20 11:32:58 CDT,authorized,10123,Indira,353,SplunkTel,1
1529514226,2018/06/20 12:03:46 CDT,authorized,10124,Stephen,157,ButtercupGames,2
1529524034,2018/06/20 14:47:14 CDT,authorized,10125,Wynter,4573,ButtercupGames,1
1529512020,2018/06/20 11:27:00 CDT,authorized,10126,Frances,1734,ButtercupGames,2
1529523662,2018/06/20 14:41:02 CDT,authorized,10127,Talon,4818,ButtercupGames,2
1529521548,2018/06/20 14:05:48 CDT,authorized,10128,Salvador,2702,ButtercupGames,1
1529514180,2018/06/20 12:03:00 CDT,authorized,10129,Breanna,1744,SplunkTel,1
1529510258,2018/06/20 10:57:38 CDT,authorized,10130,Reed,1324,ButtercupGames,2
1529524205,2018/06/20 14:50:05 CDT,authorized,10131,Jakeem,3977,ButtercupGames,1
1529523616,2018/06/20 14:40:16 CDT,denied,10132,Ignacia,575,ButtercupGames,2
1529523767,2018/06/20 14:42:47 CDT,authorized,10133,Rosalyn,225,SplunkFin,1
1529522749,2018/06/20 14:25:49 CDT,authorized,10134,Lisandra,202,ButtercupGames,1
1529521586,2018/06/20 14:06:26 CDT,authorized,10135,Ali,3746,SplunkTel,1
1529522574,2018/06/20 14:22:54 CDT,authorized,10136,Octavius,4361,ButtercupGames,1
1529513942,2018/06/20 11:59:02 CDT,authorized,10137,Abel,4273,ButtercupGames,1
1529509937,2018/06/20 10:52:17 CDT,authorized,10138,Forrest,272,ButtercupGames,1
1529522269,2018/06/20 14:17:49 CDT,authorized,10139,Declan,1063,SplunkTel,1
1529523661,2018/06/20 14:41:01 CDT,authorized,10140,Vernon,4716,SplunkTel,2
1529521600,2018/06/20 14:06:40 CDT,denied,10141,Eliana,4093,ButtercupGames,2
1529509916,2018/06/20 10:51:56 CDT,authorized,10142,Jakeem,2175,SplunkTel,2
1529518869,2018/06/20 13:21:09 CDT,denied,10143,Guy,304,SplunkFin,1
1529509937,2018/06/20 10:52:17 CDT,authorized,10144,Portia,978,ButtercupGames,6
1529516054,2018/06/20 12:34:14 CDT,authorized,10145,Luke,628,SplunkTel,2
1529514538,2018/06/20 12:08:58 CDT,cancelled,10146,Travis,3445,ButtercupGames,2
1529509845,2018/06/20 10:50:45 CDT,authorized,10147,Alika,4701,ButtercupGames,2
1529512878,2018/06/20 11:41:18 CDT,authorized,10148,Hayfa,933,ButtercupGames,2
1529516253,2018/06/20 12:37:33 CDT,authorized,10149,Isaiah,4534,SplunkFin,1
1529520905,2018/06/20 13:55:05 CDT,authorized,10150,Liberty,1091,ButtercupGames,2
1529511406,2018/06/20 11:16:46 CDT,authorized,10151,Lamar,4677,ButtercupGames,1
1529523031,2018/06/20 14:30:31 CDT,authorized,10152,Bethany,2866,SplunkTel,1
1529519149,2018/06/20 13:25:49 CDT,cancelled,10153,Hayden,1783,ButtercupGames,2
1529520304,2018/06/20 13:45:04 CDT,authorized,10154,Carolyn,873,SplunkFin,2
1529522228,2018/06/20 14:17:08 CDT,authorized,10155,Jamal,3922,SplunkFin,6
1529515611,2018/06/20 12:26:51 CDT,authorized,10156,Justin,890,ButtercupGames,1
1529518317,2018/06/20 13:11:57 CDT,authorized,10157,Iris,3559,ButtercupGames,2
1529520011,2018/06/20 13:40:11 CDT,denied,10158,Slade,1009,SplunkFin,1
1529511479,2018/06/20 11:17:59 CDT,authorized,10159,Samson,2792,ButtercupGames,2
1529510479,2018/06/20 11:01:19 CDT,authorized,10160,Clio,1197,ButtercupGames,1
1529516848,2018/06/20 12:47:28 CDT,cancelled,10161,Branden,3081,SplunkFin,2
1529519624,2018/06/20 13:33:44 CDT,authorized,10162,Dylan,2675,SplunkFin,1
1529519486,2018/06/20 13:31:26 CDT,authorized,10163,Mark,2730,SplunkTel,2
1529516363,2018/06/20 12:39:23 CDT,authorized,10164,Leroy,656,SplunkTel,2
1529521291,2018/06/20 14:01:31 CDT,authorized,10165,Tana,374,SplunkTel,1
1529509848,2018/06/20 10:50:48 CDT,authorized,10166,Steven,2769,ButtercupGames,1
1529516132,2018/06/20 12:35:32 CDT,authorized,10167,Hilda,1354,SplunkTel,1
1529519330,2018/06/20 13:28:50 CDT,error,10168,Lionel,3487,SplunkTel,2
1529510385,2018/06/20 10:59:45 CDT,authorized,10169,Ahmed,1373,ButtercupGames,2
1529513621,2018/06/20 11:53:41 CDT,authorized,10170,Tobias,1829,ButtercupGames,2
1529511440,2018/06/20 11:17:20 CDT,authorized,10171,Maile,3386,SplunkFin,2
1529513817,2018/06/20 11:56:57 CDT,authorized,10172,Catherine,1710,ButtercupGames,2
1529512673,2018/06/20 11:37:53 CDT,authorized,10173,Shoshana,2455,SplunkFin,2
1529523556,2018/06/20 14:39:16 CDT,authorized,10174,Noble,3858,SplunkTel,1
1529518220,2018/06/20 13:10:20 CDT,authorized,10175,Stewart,2406,SplunkTel,1
1529517414,2018/06/20 12:56:54 CDT,authorized,10176,Dante,2654,ButtercupGames,1
1529514024,2018/06/20 12:00:24 CDT,authorized,10177,Jayme,905,SplunkTel,1
1529513627,2018/06/20 11:53:47 CDT,error,10178,Dieter,1704,ButtercupGames,1
1529512712,2018/06/20 11:38:32 CDT,authorized,10179,Knox,4882,ButtercupGames,1
1529515212,2018/06/20 12:20:12 CDT,authorized,10180,Jade,4976,SplunkFin,2
1529510282,2018/06/20 10:58:02 CDT,authorized,10181,Brielle,4589,SplunkTel,2
1529515558,2018/06/20 12:25:58 CDT,authorized,10182,Lara,4254,SplunkTel,1
1529522800,2018/06/20 14:26:40 CDT,authorized,10183,Geoffrey,2764,SplunkFin,2
1529523507,2018/06/20 14:38:27 CDT,authorized,10184,Deirdre,1804,SplunkFin,1
1529512727,2018/06/20 11:38:47 CDT,authorized,10185,Barclay,195,SplunkFin,1
1529516747,2018/06/20 12:45:47 CDT,error,10186,Gray,3500,ButtercupGames,1
1529515460,2018/06/20 12:24:20 CDT,authorized,10187,Hoyt,4353,ButtercupGames,2
1529520631,2018/06/20 13:50:31 CDT,authorized,10188,Ruby,1371,ButtercupGames,1
1529515474,2018/06/20 12:24:34 CDT,authorized,10189,Hanae,887,SplunkTel,1
1529519484,2018/06/20 13:31:24 CDT,authorized,10190,Scarlett,906,ButtercupGames,2
1529513087,2018/06/20 11:44:47 CDT,authorized,10191,Declan,321,SplunkFin,2
1529517326,2018/06/20 12:55:26 CDT,authorized,10192,Uma,3261,SplunkFin,2
1529523065,2018/06/20 14:31:05 CDT,authorized,10193,Phillip,2603,SplunkTel,2
1529517607,2018/06/20 13:00:07 CDT,error,10194,Armando,570,SplunkFin,1
1529519683,2018/06/20 13:34:43 CDT,authorized,10195,Gay,4220,SplunkTel,1
1529520598,2018/06/20 13:49:58 CDT,authorized,10196,Edan,4287,SplunkTel,1
1529516458,2018/06/20 12:40:58 CDT,authorized,10197,Palmer,3822,SplunkFin,2
1529510007,2018/06/20 10:53:27 CDT,authorized,10198,Galvin,1320,SplunkFin,2
1529510849,2018/06/20 11:07:29 CDT,authorized,10199,Zeph,1524,SplunkTel,1
1529510915,2018/06/20 11:08:35 CDT,authorized,10200,Jemima,804,SplunkFin,2
1529517748,2018/06/20 13:02:28 CDT,authorized,10201,Anika,3370,ButtercupGames,2
1529520052,2018/06/20 13:40:52 CDT,authorized,10202,Grant,3169,SplunkFin,2
1529510212,2018/06/20 10:56:52 CDT,authorized,10203,Gavin,682,ButtercupGames,2
1529521033,2018/06/20 13:57:13 CDT,denied,10204,Stone,1682,SplunkTel,2
1529516618,2018/06/20 12:43:38 CDT,authorized,10205,Heather,4558,SplunkTel,1
1529514079,2018/06/20 12:01:19 CDT,authorized,10206,Blossom,1951,SplunkFin,1
1529510698,2018/06/20 11:04:58 CDT,authorized,10207,Noelani,3469,ButtercupGames,1
1529518428,2018/06/20 13:13:48 CDT,authorized,10208,Karleigh,258,SplunkFin,2
1529519655,2018/06/20 13:34:15 CDT,authorized,10209,Logan,2555,SplunkTel,1
1529511709,2018/06/20 11:21:49 CDT,authorized,10210,Lillith,1379,SplunkFin,2
1529511732,2018/06/20 11:22:12 CDT,authorized,10211,Donna,464,SplunkFin,2
1529519440,2018/06/20 13:30:40 CDT,authorized,10212,Ivor,3789,ButtercupGames,1
1529516174,2018/06/20 12:36:14 CDT,error,10213,Perry,1313,SplunkFin,2
1529509849,2018/06/20 10:50:49 CDT,authorized,10214,Kerry,1692,SplunkFin,1
1529513398,2018/06/20 11:49:58 CDT,authorized,10215,Cadman,4344,SplunkTel,1
1529511123,2018/06/20 11:12:03 CDT,authorized,10216,Hector,2248,SplunkTel,1
1529513932,2018/06/20 11:58:52 CDT,authorized,10217,Uriel,4343,ButtercupGames,1
1529516048,2018/06/20 12:34:08 CDT,authorized,10218,Zahir,1775,SplunkTel,2
1529522500,2018/06/20 14:21:40 CDT,authorized,10219,Kasper,4616,SplunkFin,2
1529521062,2018/06/20 13:57:42 CDT,cancelled,10220,Castor,3660,SplunkFin,2
1529520059,2018/06/20 13:40:59 CDT,authorized,10221,Hayden,464,ButtercupGames,1
1529510592,2018/06/20 11:03:12 CDT,authorized,10222,Lisandra,3784,SplunkTel,1
1529514327,2018/06/20 12:05:27 CDT,authorized,10223,Kirby,3290,SplunkTel,2
1529513115,2018/06/20 11:45:15 CDT,authorized,10224,Jana,442,SplunkTel,1
1529509912,2018/06/20 10:51:52 CDT,authorized,10225,Connor,3043,ButtercupGames,2
1529520038,2018/06/20 13:40:38 CDT,authorized,10226,Upton,2009,SplunkFin,2
1529514153,2018/06/20 12:02:33 CDT,authorized,10227,Juliet,1182,SplunkFin,1
1529522784,2018/06/20 14:26:24 CDT,authorized,10228,Jordan,64,SplunkTel,1
1529520293,2018/06/20 13:44:53 CDT,authorized,10229,Fallon,3416,SplunkFin,2
1529514014,2018/06/20 12:00:14 CDT,authorized,10230,Adam,3664,SplunkFin,1
1529519672,2018/06/20 13:34:32 CDT,authorized,10231,Myles,519,ButtercupGames,2
1529517355,2018/06/20 12:55:55 CDT,authorized,10232,Ishmael,213,SplunkTel,1
1529518475,2018/06/20 13:14:35 CDT,denied,10233,Shannon,2003,SplunkFin,1
1529511708,2018/06/20 11:21:48 CDT,authorized,10234,Theodore,259,SplunkTel,1
1529516903,2018/06/20 12:48:23 CDT,authorized,10235,Zachary,2992,SplunkFin,1
1529510580,2018/06/20 11:03:00 CDT,authorized,10236,Brittany,1768,SplunkFin,1
1529519307,2018/06/20 13:28:27 CDT,authorized,10237,Sarah,3442,SplunkFin,1
1529519216,2018/06/20 13:26:56 CDT,authorized,10238,MacKensie,2699,SplunkTel,1
1529522559,2018/06/20 14:22:39 CDT,authorized,10239,Florence,974,SplunkTel,2
1529509918,2018/06/20 10:51:58 CDT,cancelled,10240,Leo,182,ButtercupGames,2
1529522627,2018/06/20 14:23:47 CDT,authorized,10241,Micah,4958,ButtercupGames,2
1529520559,2018/06/20 13:49:19 CDT,authorized,10242,Hunter,4615,ButtercupGames,1
1529512108,2018/06/20 11:28:28 CDT,authorized,10243,Chaney,135,SplunkFin,2
1529517749,2018/06/20 13:02:29 CDT,error,10244,Andrew,184,SplunkTel,2
1529515069,2018/06/20 12:17:49 CDT,authorized,10245,Laith,2560,ButtercupGames,2
1529516702,2018/06/20 12:45:02 CDT,authorized,10246,Guinevere,4329,SplunkFin,2
1529523616,2018/06/20 14:40:16 CDT,authorized,10247,Bree,3504,SplunkFin,2
1529509892,2018/06/20 10:51:32 CDT,authorized,10248,Susan,3739,SplunkTel,1
1529510349,2018/06/20 10:59:09 CDT,authorized,10249,Brooke,2640,ButtercupGames,2
1529518088,2018/06/20 13:08:08 CDT,authorized,10250,Desirae,2102,SplunkTel,1
1529517004,2018/06/20 12:50:04 CDT,authorized,10251,Ferris,2895,SplunkTel,1
1529511989,2018/06/20 11:26:29 CDT,error,10252,Damian,2503,ButtercupGames,2
1529520488,2018/06/20 13:48:08 CDT,authorized,10253,Flo,2615,SplunkTel,2
1529509849,2018/06/20 10:50:49 CDT,authorized,10254,Kaseem,1733,SplunkFin,2
1529519807,2018/06/20 13:36:47 CDT,authorized,10255,Alana,3979,SplunkTel,1
1529515078,2018/06/20 12:17:58 CDT,authorized,10256,Baker,97,SplunkTel,2
1529520594,2018/06/20 13:49:54 CDT,authorized,10257,Olga,3219,ButtercupGames,1
1529516490,2018/06/20 12:41:30 CDT,authorized,10258,Wyoming,2227,SplunkTel,2
1529516648,2018/06/20 12:44:08 CDT,authorized,10259,Hedda,1928,ButtercupGames,1
1529523823,2018/06/20 14:43:43 CDT,authorized,10260,Ray,2165,SplunkFin,2
1529512062,2018/06/20 11:27:42 CDT,authorized,10261,Claudia,1030,SplunkTel,1
1529511432,2018/06/20 11:17:12 CDT,authorized,10262,May,3155,SplunkFin,2
1529514419,2018/06/20 12:06:59 CDT,authorized,10263,Lyle,4058,SplunkTel,2
1529519848,2018/06/20 13:37:28 CDT,authorized,10264,Sawyer,4066,ButtercupGames,1
1529516646,2018/06/20 12:44:06 CDT,denied,10265,Nathan,4481,ButtercupGames,1
1529520256,2018/06/20 13:44:16 CDT,authorized,10266,Kennan,4725,SplunkTel,1
1529522204,2018/06/20 14:16:44 CDT,authorized,10267,Noelle,449,SplunkFin,2
1529515368,2018/06/20 12:22:48 CDT,authorized,10268,Aurelia,3385,SplunkFin,2
1529511279,2018/06/20 11:14:39 CDT,authorized,10269,Colette,3346,ButtercupGames,2
1529511263,2018/06/20 11:14:23 CDT,authorized,10270,Ishmael,397,ButtercupGames,2
1529518064,2018/06/20 13:07:44 CDT,authorized,10271,Cheyenne,4605,SplunkTel,2
1529520730,2018/06/20 13:52:10 CDT,authorized,10272,Amity,4046,ButtercupGames,4
1529514371,2018/06/20 12:06:11 CDT,authorized,10273,Colt,74,ButtercupGames,1
1529515555,2018/06/20 12:25:55 CDT,authorized,10274,Fiona,4458,SplunkFin,1
1529516395,2018/06/20 12:39:55 CDT,authorized,10275,Demetria,1950,SplunkFin,1
1529512551,2018/06/20 11:35:51 CDT,cancelled,10276,Bree,2425,ButtercupGames,1
1529517051,2018/06/20 12:50:51 CDT,authorized,10277,Jeanette,3452,SplunkFin,1
1529518029,2018/06/20 13:07:09 CDT,authorized,10278,Violet,3191,SplunkFin,1
1529520370,2018/06/20 13:46:10 CDT,authorized,10279,Abel,4026,SplunkTel,2
1529513935,2018/06/20 11:58:55 CDT,authorized,10280,Zoe,597,SplunkTel,2
1529516503,2018/06/20 12:41:43 CDT,authorized,10281,Linda,2938,ButtercupGames,1
1529512463,2018/06/20 11:34:23 CDT,authorized,10282,Cally,3560,SplunkFin,2
1529518853,2018/06/20 13:20:53 CDT,authorized,10283,Ulric,3668,SplunkTel,1
1529517975,2018/06/20 13:06:15 CDT,authorized,10284,Samuel,2276,SplunkFin,1
1529515153,2018/06/20 12:19:13 CDT,authorized,10285,Lawrence,2960,SplunkFin,1
1529510572,2018/06/20 11:02:52 CDT,authorized,10286,Nyssa,715,ButtercupGames,2
1529510246,2018/06/20 10:57:26 CDT,authorized,10287,Skyler,2807,SplunkFin,1
1529523092,2018/06/20 14:31:32 CDT,authorized,10288,Joseph,4557,SplunkTel,1
1529510488,2018/06/20 11:01:28 CDT,authorized,10289,Fredericka,480,ButtercupGames,2
1529520224,2018/06/20 13:43:44 CDT,authorized,10290,Cairo,3690,SplunkTel,2
1529517620,2018/06/20 13:00:20 CDT,authorized,10291,Dorian,2007,SplunkTel,2
1529517489,2018/06/20 12:58:09 CDT,authorized,10292,Amelia,390,SplunkTel,2
1529516805,2018/06/20 12:46:45 CDT,authorized,10293,Beck,3776,ButtercupGames,1
1529523837,2018/06/20 14:43:57 CDT,authorized,10294,Wallace,2447,SplunkTel,1
1529521104,2018/06/20 13:58:24 CDT,authorized,10295,Jolene,4024,SplunkTel,1
1529524095,2018/06/20 14:48:15 CDT,authorized,10296,Walter,2346,SplunkTel,2
1529519283,2018/06/20 13:28:03 CDT,authorized,10297,Hyatt,2763,SplunkTel,2
1529515293,2018/06/20 12:21:33 CDT,authorized,10298,Chaney,4424,ButtercupGames,1
1529511506,2018/06/20 11:18:26 CDT,authorized,10299,Fredericka,1615,SplunkFin,2
1529517504,2018/06/20 12:58:24 CDT,authorized,10300,Regina,3248,SplunkFin,2
1529520318,2018/06/20 13:45:18 CDT,authorized,10301,Raphael,3866,ButtercupGames,2
1529514292,2018/06/20 12:04:52 CDT,authorized,10302,Tate,4588,SplunkFin,5
1529515163,2018/06/20 12:19:23 CDT,authorized,10303,Brody,138,SplunkTel,2
1529519680,2018/06/20 13:34:40 CDT,authorized,10304,Dai,192,SplunkTel,1
1529514401,2018/06/20 12:06:41 CDT,authorized,10305,Rina,3032,ButtercupGames,1
1529510371,2018/06/20 10:59:31 CDT,authorized,10306,Hashim,4109,ButtercupGames,1
1529514173,2018/06/20 12:02:53 CDT,authorized,10307,Knox,3230,ButtercupGames,2
1529515485,2018/06/20 12:24:45 CDT,authorized,10308,Cullen,2677,SplunkFin,1
1529514470,2018/06/20 12:07:50 CDT,authorized,10309,Berk,1635,ButtercupGames,2
1529521599,2018/06/20 14:06:39 CDT,authorized,10310,Gavin,4614,SplunkTel,2
1529513037,2018/06/20 11:43:57 CDT,authorized,10311,Daryl,2203,ButtercupGames,1
1529518515,2018/06/20 13:15:15 CDT,authorized,10312,Bertha,471,SplunkTel,2
1529521859,2018/06/20 14:10:59 CDT,authorized,10313,Ciaran,3939,ButtercupGames,1
1529512860,2018/06/20 11:41:00 CDT,authorized,10314,Raymond,712,ButtercupGames,1
1529523823,2018/06/20 14:43:43 CDT,authorized,10315,Ashton,2290,SplunkFin,1
1529521204,2018/06/20 14:00:04 CDT,authorized,10316,Chiquita,3026,ButtercupGames,1
1529511128,2018/06/20 11:12:08 CDT,authorized,10317,Iola,4050,SplunkTel,2
1529523923,2018/06/20 14:45:23 CDT,authorized,10318,Rina,1028,SplunkFin,2
1529510633,2018/06/20 11:03:53 CDT,authorized,10319,Mark,4923,SplunkFin,2
1529512118,2018/06/20 11:28:38 CDT,authorized,10320,Noah,4703,ButtercupGames,1
1529519474,2018/06/20 13:31:14 CDT,authorized,10321,Ann,3067,ButtercupGames,1
1529521484,2018/06/20 14:04:44 CDT,authorized,10322,Amy,836,ButtercupGames,2
1529520690,2018/06/20 13:51:30 CDT,authorized,10323,Caldwell,4396,SplunkTel,1
1529519189,2018/06/20 13:26:29 CDT,authorized,10324,Rinah,3476,ButtercupGames,2
1529517438,2018/06/20 12:57:18 CDT,authorized,10325,Calista,3228,ButtercupGames,2
1529512745,2018/06/20 11:39:05 CDT,authorized,10326,Ignatius,2599,SplunkFin,1
1529518133,2018/06/20 13:08:53 CDT,authorized,10327,Norman,3719,SplunkTel,1
1529517927,2018/06/20 13:05:27 CDT,authorized,10328,Julie,2437,SplunkTel,2
1529517008,2018/06/20 12:50:08 CDT,authorized,10329,Uriel,223,ButtercupGames,1
1529521839,2018/06/20 14:10:39 CDT,authorized,10330,Ursa,2722,SplunkTel,2
1529522985,2018/06/20 14:29:45 CDT,authorized,10331,Stacy,3926,SplunkTel,1
1529514498,2018/06/20 12:08:18 CDT,authorized,10332,Dominic,1857,SplunkFin,1
1529521956,2018/06/20 14:12:36 CDT,error,10333,Regina,3793,ButtercupGames,1
1529511836,2018/06/20 11:23:56 CDT,authorized,10334,Dean,2110,SplunkTel,1
1529517519,2018/06/20 12:58:39 CDT,authorized,10335,Quinn,882,SplunkTel,1
1529515548,2018/06/20 12:25:48 CDT,authorized,10336,Leah,3365,SplunkFin,1
1529519112,2018/06/20 13:25:12 CDT,authorized,10337,Quincy,4336,SplunkFin,1
1529523795,2018/06/20 14:43:15 CDT,authorized,10338,Melinda,3676,SplunkFin,2
1529513036,2018/06/20 11:43:56 CDT,authorized,10339,Kimberley,262,ButtercupGames,2
1529517300,2018/06/20 12:55:00 CDT,authorized,10340,Elizabeth,2757,SplunkFin,2
1529515442,2018/06/20 12:24:02 CDT,authorized,10341,Brynn,1392,ButtercupGames,1
1529510820,2018/06/20 11:07:00 CDT,authorized,10342,Mohammad,3239,ButtercupGames,2
1529511607,2018/06/20 11:20:07 CDT,authorized,10343,Erica,42,ButtercupGames,2
1529519019,2018/06/20 13:23:39 CDT,authorized,10344,Denton,3651,SplunkTel,2
1529520188,2018/06/20 13:43:08 CDT,error,10345,Zeus,300,SplunkTel,2
1529512359,2018/06/20 11:32:39 CDT,authorized,10346,Addison,3960,SplunkFin,2
1529518269,2018/06/20 13:11:09 CDT,authorized,10347,Bernard,1554,SplunkTel,1
1529522777,2018/06/20 14:26:17 CDT,authorized,10348,Sydney,2235,ButtercupGames,2
1529518533,2018/06/20 13:15:33 CDT,authorized,10349,Jonah,2700,ButtercupGames,1
1529510145,2018/06/20 10:55:45 CDT,authorized,10350,Bert,1024,ButtercupGames,1
1529522836,2018/06/20 14:27:16 CDT,authorized,10351,Driscoll,1246,SplunkTel,2
1529519279,2018/06/20 13:27:59 CDT,authorized,10352,Cullen,1036,SplunkTel,2
1529510304,2018/06/20 10:58:24 CDT,authorized,10353,Richard,3889,SplunkTel,2
1529520523,2018/06/20 13:48:43 CDT,authorized,10354,Ryder,4298,SplunkTel,1
1529522265,2018/06/20 14:17:45 CDT,authorized,10355,Grant,3035,SplunkFin,2
1529512569,2018/06/20 11:36:09 CDT,authorized,10356,Chaim,4594,SplunkFin,1
1529512635,2018/06/20 11:37:15 CDT,authorized,10357,Ursa,1334,ButtercupGames,2
1529511782,2018/06/20 11:23:02 CDT,authorized,10358,Irene,2709,SplunkTel,1
1529512197,2018/06/20 11:29:57 CDT,authorized,10359,Ima,906,SplunkTel,2
1529518596,2018/06/20 13:16:36 CDT,denied,10360,Elton,3667,SplunkFin,1
1529517711,2018/06/20 13:01:51 CDT,authorized,10361,Brennan,4033,ButtercupGames,2
1529523597,2018/06/20 14:39:57 CDT,authorized,10362,Maggy,3917,ButtercupGames,2
1529514281,2018/06/20 12:04:41 CDT,authorized,10363,Sydnee,1152,SplunkFin,1
1529512342,2018/06/20 11:32:22 CDT,authorized,10364,Kato,729,SplunkTel,1
1529514934,2018/06/20 12:15:34 CDT,authorized,10365,Fuller,1636,SplunkTel,1
1529513388,2018/06/20 11:49:48 CDT,authorized,10366,Michael,4347,SplunkFin,2
1529513842,2018/06/20 11:57:22 CDT,authorized,10367,Rhea,820,SplunkTel,2
1529511092,2018/06/20 11:11:32 CDT,authorized,10368,Tad,4938,SplunkFin,2
1529512069,2018/06/20 11:27:49 CDT,authorized,10369,Tyler,2338,SplunkTel,2
1529511995,2018/06/20 11:26:35 CDT,authorized,10370,Maxwell,4681,SplunkTel,2
1529514779,2018/06/20 12:12:59 CDT,authorized,10371,Barrett,3221,ButtercupGames,2
1529511031,2018/06/20 11:10:31 CDT,authorized,10372,Medge,2229,SplunkFin,1
1529522854,2018/06/20 14:27:34 CDT,authorized,10373,Hollee,4808,SplunkFin,1
1529519624,2018/06/20 13:33:44 CDT,authorized,10374,Griffin,2218,ButtercupGames,1
1529513933,2018/06/20 11:58:53 CDT,authorized,10375,Merrill,1065,ButtercupGames,1
1529514436,2018/06/20 12:07:16 CDT,authorized,10376,Hanna,3993,SplunkFin,1
1529513050,2018/06/20 11:44:10 CDT,authorized,10377,Rylee,1818,SplunkTel,1
1529521829,2018/06/20 14:10:29 CDT,authorized,10378,Leo,626,SplunkTel,2
1529522011,2018/06/20 14:13:31 CDT,authorized,10379,Cassady,2630,SplunkFin,2
1529519293,2018/06/20 13:28:13 CDT,authorized,10380,Jaden,4318,ButtercupGames,1
1529514878,2018/06/20 12:14:38 CDT,authorized,10381,Julian,4740,ButtercupGames,2
1529514259,2018/06/20 12:04:19 CDT,authorized,10382,Kareem,2703,ButtercupGames,1
1529515524,2018/06/20 12:25:24 CDT,authorized,10383,Jael,539,SplunkTel,6
1529510810,2018/06/20 11:06:50 CDT,authorized,10384,Kirk,2211,SplunkFin,1
1529513483,2018/06/20 11:51:23 CDT,authorized,10385,Xaviera,3690,SplunkFin,2
1529518318,2018/06/20 13:11:58 CDT,authorized,10386,Isabella,3644,SplunkTel,1
1529519679,2018/06/20 13:34:39 CDT,authorized,10387,Phyllis,4484,SplunkFin,1
1529520867,2018/06/20 13:54:27 CDT,authorized,10388,Hashim,2564,SplunkTel,2
1529513527,2018/06/20 11:52:07 CDT,authorized,10389,Roary,2786,ButtercupGames,2
1529520430,2018/06/20 13:47:10 CDT,authorized,10390,Alvin,4293,SplunkTel,2
1529516890,2018/06/20 12:48:10 CDT,authorized,10391,Elijah,1809,SplunkFin,2
1529518836,2018/06/20 13:20:36 CDT,authorized,10392,Molly,3985,SplunkTel,1
1529515059,2018/06/20 12:17:39 CDT,authorized,10393,Sierra,2192,SplunkFin,1
1529512686,2018/06/20 11:38:06 CDT,authorized,10394,Grant,4863,SplunkFin,1
1529521440,2018/06/20 14:04:00 CDT,authorized,10395,Bernard,1847,ButtercupGames,2
1529516869,2018/06/20 12:47:49 CDT,authorized,10396,Shafira,502,SplunkFin,2
1529516939,2018/06/20 12:48:59 CDT,authorized,10397,Astra,2933,SplunkFin,1
1529523885,2018/06/20 14:44:45 CDT,authorized,10398,Heather,328,SplunkFin,2
1529517160,2018/06/20 12:52:40 CDT,authorized,10399,Dawn,2791,ButtercupGames,2
1529515682,2018/06/20 12:28:02 CDT,authorized,10400,Kaye,3291,SplunkTel,2
1529511659,2018/06/20 11:20:59 CDT,authorized,10401,Hall,4586,ButtercupGames,2
1529510390,2018/06/20 10:59:50 CDT,authorized,10402,Angelica,3910,SplunkTel,2
1529519514,2018/06/20 13:31:54 CDT,authorized,10403,Cameron,1798,ButtercupGames,1
1529524186,2018/06/20 14:49:46 CDT,authorized,10404,Uma,1168,SplunkTel,1
1529520763,2018/06/20 13:52:43 CDT,authorized,10405,Alika,1178,ButtercupGames,1
1529519570,2018/06/20 13:32:50 CDT,authorized,10406,Peter,2062,ButtercupGames,2
1529519784,2018/06/20 13:36:24 CDT,authorized,10407,Kennan,3689,ButtercupGames,1
1529512912,2018/06/20 11:41:52 CDT,authorized,10408,Kirby,2063,SplunkFin,3
1529511682,2018/06/20 11:21:22 CDT,authorized,10409,Kirestin,3834,ButtercupGames,2
1529520222,2018/06/20 13:43:42 CDT,authorized,10410,Delilah,2741,SplunkTel,1
1529516021,2018/06/20 12:33:41 CDT,authorized,10411,Hasad,2950,SplunkFin,2
1529513058,2018/06/20 11:44:18 CDT,authorized,10412,Damon,1972,SplunkTel,1
1529515233,2018/06/20 12:20:33 CDT,authorized,10413,Libby,1187,SplunkFin,1
1529523564,2018/06/20 14:39:24 CDT,authorized,10414,Madeson,2389,ButtercupGames,1
1529511990,2018/06/20 11:26:30 CDT,authorized,10415,Wendy,2420,ButtercupGames,1
1529516332,2018/06/20 12:38:52 CDT,authorized,10416,Hilda,423,ButtercupGames,2
1529517423,2018/06/20 12:57:03 CDT,authorized,10417,Signe,4161,ButtercupGames,2
1529512411,2018/06/20 11:33:31 CDT,authorized,10418,Alisa,532,SplunkTel,2
1529517897,2018/06/20 13:04:57 CDT,authorized,10419,Phelan,3218,ButtercupGames,1
1529518118,2018/06/20 13:08:38 CDT,authorized,10420,Thor,3934,SplunkFin,1
1529520074,2018/06/20 13:41:14 CDT,authorized,10421,Hector,1467,ButtercupGames,2
1529519168,2018/06/20 13:26:08 CDT,authorized,10422,Grady,4216,SplunkFin,1
1529515741,2018/06/20 12:29:01 CDT,authorized,10423,Kenyon,3967,SplunkFin,2
1529517919,2018/06/20 13:05:19 CDT,authorized,10424,Salvador,574,ButtercupGames,2
1529512288,2018/06/20 11:31:28 CDT,authorized,10425,Jack,4333,SplunkTel,1
1529520160,2018/06/20 13:42:40 CDT,authorized,10426,Briar,2587,SplunkFin,1
1529511197,2018/06/20 11:13:17 CDT,authorized,10427,Cleo,1751,ButtercupGames,2
1529514877,2018/06/20 12:14:37 CDT,authorized,10428,Ali,3751,SplunkFin,1
1529517068,2018/06/20 12:51:08 CDT,authorized,10429,Cullen,3554,ButtercupGames,2
1529510692,2018/06/20 11:04:52 CDT,authorized,10430,Flo,339,SplunkTel,1
1529514934,2018/06/20 12:15:34 CDT,authorized,10431,Chastity,3760,SplunkFin,1
1529520677,2018/06/20 13:51:17 CDT,authorized,10432,Gregory,4593,ButtercupGames,1
1529510780,2018/06/20 11:06:20 CDT,authorized,10433,Micah,4291,SplunkFin,1
1529516486,2018/06/20 12:41:26 CDT,authorized,10434,Scarlett,2259,ButtercupGames,1
1529516756,2018/06/20 12:45:56 CDT,authorized,10435,Germane,4305,ButtercupGames,1
1529521133,2018/06/20 13:58:53 CDT,authorized,10436,Hu,3278,SplunkTel,1
1529523397,2018/06/20 14:36:37 CDT,authorized,10437,Andrew,2095,ButtercupGames,2
1529512770,2018/06/20 11:39:30 CDT,authorized,10438,Prescott,671,SplunkTel,2
1529510082,2018/06/20 10:54:42 CDT,authorized,10439,Kelly,2935,SplunkTel,2
1529513110,2018/06/20 11:45:10 CDT,authorized,10440,Kimberley,4089,ButtercupGames,1
1529522267,2018/06/20 14:17:47 CDT,authorized,10441,Daniel,1491,SplunkFin,2
1529517122,2018/06/20 12:52:02 CDT,authorized,10442,Aaron,2463,ButtercupGames,2
1529515245,2018/06/20 12:20:45 CDT,authorized,10443,Eliana,1831,ButtercupGames,2
1529520583,2018/06/20 13:49:43 CDT,authorized,10444,Griffith,1071,SplunkFin,2
1529512929,2018/06/20 11:42:09 CDT,authorized,10445,Rafael,4517,SplunkFin,2
1529522664,2018/06/20 14:24:24 CDT,authorized,10446,Rajah,2365,SplunkTel,1
1529520650,2018/06/20 13:50:50 CDT,authorized,10447,Amal,2667,ButtercupGames,2
1529520900,2018/06/20 13:55:00 CDT,authorized,10448,Odysseus,1253,SplunkFin,1
1529518266,2018/06/20 13:11:06 CDT,authorized,10449,Yoshio,3252,SplunkFin,1
1529521918,2018/06/20 14:11:58 CDT,authorized,10450,Shelby,4181,ButtercupGames,2
1529519876,2018/06/20 13:37:56 CDT,authorized,10451,Rosalyn,3343,SplunkTel,2
1529511170,2018/06/20 11:12:50 CDT,authorized,10452,Rebecca,2477,SplunkTel,2
1529523220,2018/06/20 14:33:40 CDT,authorized,10453,Ronan,4189,ButtercupGames,1
1529522953,2018/06/20 14:29:13 CDT,authorized,10454,Chloe,1963,SplunkFin,2
1529512897,2018/06/20 11:41:37 CDT,authorized,10455,Sade,2302,SplunkTel,1
1529516240,2018/06/20 12:37:20 CDT,authorized,10456,Emerson,2848,SplunkTel,5
1529516588,2018/06/20 12:43:08 CDT,authorized,10457,Whoopi,2053,ButtercupGames,1
1529523434,2018/06/20 14:37:14 CDT,authorized,10458,Wyoming,163,SplunkTel,2
1529522154,2018/06/20 14:15:54 CDT,authorized,10459,Peter,2894,ButtercupGames,1
1529519452,2018/06/20 13:30:52 CDT,authorized,10460,Dennis,1969,ButtercupGames,2
1529511029,2018/06/20 11:10:29 CDT,authorized,10461,Abbot,430,ButtercupGames,2
1529522912,2018/06/20 14:28:32 CDT,authorized,10462,Cooper,1347,SplunkTel,1
1529515359,2018/06/20 12:22:39 CDT,authorized,10463,Levi,4995,SplunkTel,1
1529510332,2018/06/20 10:58:52 CDT,authorized,10464,Alfonso,1770,ButtercupGames,1
1529519211,2018/06/20 13:26:51 CDT,authorized,10465,Deborah,4708,ButtercupGames,2
1529513249,2018/06/20 11:47:29 CDT,authorized,10466,Michael,3471,ButtercupGames,2
1529521491,2018/06/20 14:04:51 CDT,authorized,10467,Jermaine,487,SplunkFin,2
1529510278,2018/06/20 10:57:58 CDT,authorized,10468,Leila,2066,ButtercupGames,2
1529516238,2018/06/20 12:37:18 CDT,authorized,10469,Briar,3128,SplunkTel,2
1529510235,2018/06/20 10:57:15 CDT,authorized,10470,Elizabeth,606,SplunkFin,2
1529518489,2018/06/20 13:14:49 CDT,authorized,10471,Ifeoma,1617,SplunkTel,1
1529516284,2018/06/20 12:38:04 CDT,authorized,10472,Kibo,2788,ButtercupGames,1
1529510963,2018/06/20 11:09:23 CDT,authorized,10473,Caldwell,932,SplunkTel,1
1529518345,2018/06/20 13:12:25 CDT,authorized,10474,Nissim,3168,SplunkTel,1
1529520631,2018/06/20 13:50:31 CDT,authorized,10475,Kellie,1542,SplunkTel,1
1529511501,2018/06/20 11:18:21 CDT,authorized,10476,Harrison,4145,SplunkFin,1
1529516208,2018/06/20 12:36:48 CDT,authorized,10477,Hector,3116,SplunkFin,2
1529513355,2018/06/20 11:49:15 CDT,authorized,10478,Dominique,1350,SplunkTel,2
1529516165,2018/06/20 12:36:05 CDT,authorized,10479,Alden,3082,SplunkTel,1
1529513593,2018/06/20 11:53:13 CDT,authorized,10480,Magee,4335,ButtercupGames,2
1529517831,2018/06/20 13:03:51 CDT,authorized,10481,Darius,2339,SplunkTel,1
1529524172,2018/06/20 14:49:32 CDT,authorized,10482,Reece,4357,SplunkFin,1
1529515045,2018/06/20 12:17:25 CDT,authorized,10483,Mannix,643,SplunkTel,1
1529520235,2018/06/20 13:43:55 CDT,authorized,10484,Glenna,1743,SplunkFin,2
1529514004,2018/06/20 12:00:04 CDT,authorized,10485,Nyssa,1440,ButtercupGames,1
1529523005,2018/06/20 14:30:05 CDT,authorized,10486,Bianca,436,SplunkTel,1
1529522405,2018/06/20 14:20:05 CDT,authorized,10487,Jonah,1300,SplunkTel,2
1529522881,2018/06/20 14:28:01 CDT,authorized,10488,Timothy,1037,SplunkFin,2
1529514171,2018/06/20 12:02:51 CDT,authorized,10489,Odysseus,3793,ButtercupGames,2
1529519839,2018/06/20 13:37:19 CDT,authorized,10490,Andrew,1206,ButtercupGames,2
1529518111,2018/06/20 13:08:31 CDT,authorized,10491,Celeste,973,ButtercupGames,1
1529516602,2018/06/20 12:43:22 CDT,authorized,10492,Scarlett,3035,ButtercupGames,1
1529523376,2018/06/20 14:36:16 CDT,authorized,10493,Martha,3789,SplunkTel,1
1529520825,2018/06/20 13:53:45 CDT,authorized,10494,Isaac,217,SplunkFin,2
1529524040,2018/06/20 14:47:20 CDT,authorized,10495,Peter,3910,SplunkFin,6
1529515742,2018/06/20 12:29:02 CDT,authorized,10496,Isaiah,1154,SplunkTel,1
1529518569,2018/06/20 13:16:09 CDT,authorized,10497,Farrah,901,SplunkFin,2
1529523977,2018/06/20 14:46:17 CDT,authorized,10498,Randall,4288,SplunkTel,2
1529514493,2018/06/20 12:08:13 CDT,authorized,10499,Meredith,892,SplunkFin,5
