"_time",customer,action,price,quantity,symbol,tradeID,tradeIDReceived,tradeIDSent,"_raw"
"2018-07-18T17:00:58.000-0400",,,,,,,,327598,"Wed Jul 18 17:00:58 EDT 2018 Sent 327598 to Accounting System"
"2018-07-18T17:00:55.000-0400",,,,,,327598,,,"Wed Jul 18 17:00:55 EDT 2018 Market response for TradeID: 327598 Trade Accepted"
"2018-07-18T17:00:50.000-0400",,,,,,,,327598,"Wed Jul 18 17:00:50 EDT 2018 Sent 327598 to market engine"
"2018-07-18T17:00:49.000-0400",user2500,buy,71,2764,CUP,,327598,,"Wed Jul 18 17:00:49 EDT 2018 Received Trade 327598 with detail user: user2500 date: Wed Jul 18 17:00:49 EDT 2018 action: buy 2764 CUP @ 71"
"2018-07-18T17:00:48.000-0400",,,,,,327597,,,"Wed Jul 18 17:00:48 EDT 2018 TradeID: 327597 Confirmation: 325746 "
"2018-07-18T17:00:48.000-0400",,,,,,327597,,,"Wed Jul 18 17:00:48 EDT 2018 Accounting response for TradeID: 327597 posted"
"2018-07-18T17:00:45.000-0400",,,,,,,,327597,"Wed Jul 18 17:00:45 EDT 2018 Sent 327597 to Accounting System"
"2018-07-18T17:00:43.000-0400",,,,,,327597,,,"Wed Jul 18 17:00:43 EDT 2018 Market response for TradeID: 327597 Trade Accepted"
"2018-07-18T17:00:38.000-0400",,,,,,,,327597,"Wed Jul 18 17:00:38 EDT 2018 Sent 327597 to market engine"
"2018-07-18T17:00:37.000-0400",user3000,sell,34,3530,BIS,,327597,,"Wed Jul 18 17:00:37 EDT 2018 Received Trade 327597 with detail user: user3000 date: Wed Jul 18 17:00:37 EDT 2018 action: sell 3530 BIS @ 34"
"2018-07-18T17:00:33.000-0400",,,,,,327596,,,"Wed Jul 18 17:00:33 EDT 2018 TradeID: 327596 Confirmation: 325696 "
"2018-07-18T17:00:33.000-0400",,,,,,327596,,,"Wed Jul 18 17:00:33 EDT 2018 Accounting response for TradeID: 327596 posted"
"2018-07-18T17:00:32.000-0400",,,,,,,,327596,"Wed Jul 18 17:00:32 EDT 2018 Sent 327596 to Accounting System"
"2018-07-18T17:00:30.000-0400",,,,,,327596,,,"Wed Jul 18 17:00:30 EDT 2018 Market response for TradeID: 327596 Trade Accepted"
"2018-07-18T17:00:22.000-0400",,,,,,,,327596,"Wed Jul 18 17:00:22 EDT 2018 Sent 327596 to market engine"
"2018-07-18T17:00:21.000-0400",user1234,buy,95,4092,STEL,,327596,,"Wed Jul 18 17:00:21 EDT 2018 Received Trade 327596 with detail user: user1234 date: Wed Jul 18 17:00:21 EDT 2018 action: buy 4092 STEL @ 95"
"2018-07-18T17:00:20.000-0400",,,,,,327595,,,"Wed Jul 18 17:00:20 EDT 2018 TradeID: 327595 Confirmation: 325643 "
"2018-07-18T17:00:20.000-0400",,,,,,327595,,,"Wed Jul 18 17:00:20 EDT 2018 Accounting response for TradeID: 327595 posted"
"2018-07-18T17:00:11.000-0400",,,,,,,,327595,"Wed Jul 18 17:00:11 EDT 2018 Sent 327595 to Accounting System"
"2018-07-18T17:00:08.000-0400",,,,,,327595,,,"Wed Jul 18 17:00:08 EDT 2018 Market response for TradeID: 327595 Trade Accepted"
"2018-07-18T17:00:08.000-0400",,,,,,,,327595,"Wed Jul 18 17:00:08 EDT 2018 Sent 327595 to market engine"
"2018-07-18T17:00:07.000-0400",user99,sell,91,2579,SFIN,,327595,,"Wed Jul 18 17:00:07 EDT 2018 Received Trade 327595 with detail user: user99 date: Wed Jul 18 17:00:07 EDT 2018 action: sell 2579 SFIN @ 91"
"2018-07-18T17:00:00.000-0400",,,,,,327594,,,"Wed Jul 18 17:00:00 EDT 2018 TradeID: 327594 Confirmation: 325623 "
"2018-07-18T17:00:00.000-0400",,,,,,327594,,,"Wed Jul 18 17:00:00 EDT 2018 Accounting response for TradeID: 327594 posted"
"2018-07-18T16:59:57.000-0400",,,,,,,,327594,"Wed Jul 18 16:59:57 EDT 2018 Sent 327594 to Accounting System"
"2018-07-18T16:59:55.000-0400",,,,,,327594,,,"Wed Jul 18 16:59:55 EDT 2018 Market response for TradeID: 327594 Trade Accepted"
"2018-07-18T16:59:47.000-0400",,,,,,,,327594,"Wed Jul 18 16:59:47 EDT 2018 Sent 327594 to market engine"
"2018-07-18T16:59:46.000-0400",user1999,buy,28,3480,PON,,327594,,"Wed Jul 18 16:59:46 EDT 2018 Received Trade 327594 with detail user: user1999 date: Wed Jul 18 16:59:46 EDT 2018 action: buy 3480 PON @ 28"
"2018-07-18T16:59:41.000-0400",,,,,,327593,,,"Wed Jul 18 16:59:41 EDT 2018 TradeID: 327593 Confirmation: 325540 "
"2018-07-18T16:59:41.000-0400",,,,,,327593,,,"Wed Jul 18 16:59:41 EDT 2018 Accounting response for TradeID: 327593 posted"
"2018-07-18T16:59:41.000-0400",,,,,,,,327593,"Wed Jul 18 16:59:41 EDT 2018 Sent 327593 to Accounting System"
"2018-07-18T16:59:40.000-0400",,,,,,327593,,,"Wed Jul 18 16:59:40 EDT 2018 Market response for TradeID: 327593 Trade Accepted"
"2018-07-18T16:59:40.000-0400",,,,,,,,327593,"Wed Jul 18 16:59:40 EDT 2018 Sent 327593 to market engine"
"2018-07-18T16:59:39.000-0400",user3456,sell,83,2398,BAM,,327593,,"Wed Jul 18 16:59:39 EDT 2018 Received Trade 327593 with detail user: user3456 date: Wed Jul 18 16:59:39 EDT 2018 action: sell 2398 BAM @ 83"
"2018-07-18T16:59:30.000-0400",,,,,,327592,,,"Wed Jul 18 16:59:30 EDT 2018 TradeID: 327592 Confirmation: 325494 "
"2018-07-18T16:59:30.000-0400",,,,,,327592,,,"Wed Jul 18 16:59:30 EDT 2018 Accounting response for TradeID: 327592 posted"
"2018-07-18T16:59:23.000-0400",,,,,,,,327592,"Wed Jul 18 16:59:23 EDT 2018 Sent 327592 to Accounting System"
"2018-07-18T16:59:21.000-0400",,,,,,327592,,,"Wed Jul 18 16:59:21 EDT 2018 Market response for TradeID: 327592 Trade Accepted"
"2018-07-18T16:59:15.000-0400",,,,,,,,327592,"Wed Jul 18 16:59:15 EDT 2018 Sent 327592 to market engine"
"2018-07-18T16:59:14.000-0400",user42,buy,4,1089,BIS,,327592,,"Wed Jul 18 16:59:14 EDT 2018 Received Trade 327592 with detail user: user42 date: Wed Jul 18 16:59:14 EDT 2018 action: buy 1089 BIS @ 4"
"2018-07-18T16:59:14.000-0400",,,,,,327591,,,"Wed Jul 18 16:59:14 EDT 2018 TradeID: 327591 Confirmation: 325424 "
"2018-07-18T16:59:14.000-0400",,,,,,327591,,,"Wed Jul 18 16:59:14 EDT 2018 Accounting response for TradeID: 327591 posted"
"2018-07-18T16:59:13.000-0400",,,,,,,,327591,"Wed Jul 18 16:59:13 EDT 2018 Sent 327591 to Accounting System"
"2018-07-18T16:59:12.000-0400",,,,,,327591,,,"Wed Jul 18 16:59:12 EDT 2018 Market response for TradeID: 327591 Trade Accepted"
"2018-07-18T16:59:12.000-0400",,,,,,,,327591,"Wed Jul 18 16:59:12 EDT 2018 Sent 327591 to market engine"
"2018-07-18T16:59:11.000-0400",user2000,sell,29,2064,BAM,,327591,,"Wed Jul 18 16:59:11 EDT 2018 Received Trade 327591 with detail user: user2000 date: Wed Jul 18 16:59:11 EDT 2018 action: sell 2064 BAM @ 29"
"2018-07-18T16:59:02.000-0400",,,,,,327590,,,"Wed Jul 18 16:59:02 EDT 2018 TradeID: 327590 Confirmation: 325419 "
"2018-07-18T16:59:02.000-0400",,,,,,327590,,,"Wed Jul 18 16:59:02 EDT 2018 Accounting response for TradeID: 327590 posted"
"2018-07-18T16:58:57.000-0400",,,,,,,,327590,"Wed Jul 18 16:58:57 EDT 2018 Sent 327590 to Accounting System"
"2018-07-18T16:58:55.000-0400",,,,,,327590,,,"Wed Jul 18 16:58:55 EDT 2018 Market response for TradeID: 327590 Trade Accepted"
"2018-07-18T16:58:49.000-0400",,,,,,,,327590,"Wed Jul 18 16:58:49 EDT 2018 Sent 327590 to market engine"
"2018-07-18T16:58:48.000-0400",user3456,sell,43,4269,DIG,,327590,,"Wed Jul 18 16:58:48 EDT 2018 Received Trade 327590 with detail user: user3456 date: Wed Jul 18 16:58:48 EDT 2018 action: sell 4269 DIG @ 43"
"2018-07-18T16:58:41.000-0400",,,,,,327589,,,"Wed Jul 18 16:58:41 EDT 2018 TradeID: 327589 Confirmation: 325357 "
"2018-07-18T16:58:41.000-0400",,,,,,327589,,,"Wed Jul 18 16:58:41 EDT 2018 Accounting response for TradeID: 327589 posted"
"2018-07-18T16:58:36.000-0400",,,,,,,,327589,"Wed Jul 18 16:58:36 EDT 2018 Sent 327589 to Accounting System"
"2018-07-18T16:58:33.000-0400",,,,,,327589,,,"Wed Jul 18 16:58:33 EDT 2018 Market response for TradeID: 327589 Trade Accepted"
"2018-07-18T16:58:32.000-0400",,,,,,,,327589,"Wed Jul 18 16:58:32 EDT 2018 Sent 327589 to market engine"
"2018-07-18T16:58:31.000-0400",user2500,sell,84,95,SFIN,,327589,,"Wed Jul 18 16:58:31 EDT 2018 Received Trade 327589 with detail user: user2500 date: Wed Jul 18 16:58:31 EDT 2018 action: sell 95 SFIN @ 84"
"2018-07-18T16:58:23.000-0400",,,,,,327588,,,"Wed Jul 18 16:58:23 EDT 2018 TradeID: 327588 Confirmation: 325339 "
"2018-07-18T16:58:23.000-0400",,,,,,327588,,,"Wed Jul 18 16:58:23 EDT 2018 Accounting response for TradeID: 327588 posted"
"2018-07-18T16:58:23.000-0400",,,,,,,,327588,"Wed Jul 18 16:58:23 EDT 2018 Sent 327588 to Accounting System"
"2018-07-18T16:58:20.000-0400",,,,,,327588,,,"Wed Jul 18 16:58:20 EDT 2018 Market response for TradeID: 327588 Trade Accepted"
"2018-07-18T16:58:19.000-0400",,,,,,,,327588,"Wed Jul 18 16:58:19 EDT 2018 Sent 327588 to market engine"
"2018-07-18T16:58:18.000-0400",user42,sell,96,34,STEL,,327588,,"Wed Jul 18 16:58:18 EDT 2018 Received Trade 327588 with detail user: user42 date: Wed Jul 18 16:58:18 EDT 2018 action: sell 34 STEL @ 96"
"2018-07-18T16:58:09.000-0400",,,,,,327587,,,"Wed Jul 18 16:58:09 EDT 2018 TradeID: 327587 Confirmation: 325297 "
"2018-07-18T16:58:09.000-0400",,,,,,327587,,,"Wed Jul 18 16:58:09 EDT 2018 Accounting response for TradeID: 327587 posted"
"2018-07-18T16:58:09.000-0400",,,,,,,,327587,"Wed Jul 18 16:58:09 EDT 2018 Sent 327587 to Accounting System"
"2018-07-18T16:58:08.000-0400",,,,,,327587,,,"Wed Jul 18 16:58:08 EDT 2018 Market response for TradeID: 327587 Trade Accepted"
"2018-07-18T16:58:03.000-0400",,,,,,,,327587,"Wed Jul 18 16:58:03 EDT 2018 Sent 327587 to market engine"
"2018-07-18T16:58:02.000-0400",user5678,sell,51,4890,STEL,,327587,,"Wed Jul 18 16:58:02 EDT 2018 Received Trade 327587 with detail user: user5678 date: Wed Jul 18 16:58:02 EDT 2018 action: sell 4890 STEL @ 51"
"2018-07-18T16:58:02.000-0400",,,,,,327586,,,"Wed Jul 18 16:58:02 EDT 2018 TradeID: 327586 Confirmation: 325272 "
"2018-07-18T16:58:02.000-0400",,,,,,327586,,,"Wed Jul 18 16:58:02 EDT 2018 Accounting response for TradeID: 327586 posted"
"2018-07-18T16:57:58.000-0400",,,,,,,,327586,"Wed Jul 18 16:57:58 EDT 2018 Sent 327586 to Accounting System"
"2018-07-18T16:57:56.000-0400",,,,,,327586,,,"Wed Jul 18 16:57:56 EDT 2018 Market response for TradeID: 327586 Trade Accepted"
"2018-07-18T16:57:55.000-0400",,,,,,,,327586,"Wed Jul 18 16:57:55 EDT 2018 Sent 327586 to market engine"
"2018-07-18T16:57:54.000-0400",user99,buy,"84.5",1690,BIS,,327586,,"Wed Jul 18 16:57:54 EDT 2018 Received Trade 327586 with detail user: user99 date: Wed Jul 18 16:57:54 EDT 2018 action: buy 1690 BIS @ 84.5"
"2018-07-18T16:57:52.000-0400",,,,,,327585,,,"Wed Jul 18 16:57:52 EDT 2018 TradeID: 327585 Confirmation: 325198 "
"2018-07-18T16:57:52.000-0400",,,,,,327585,,,"Wed Jul 18 16:57:52 EDT 2018 Accounting response for TradeID: 327585 posted"
"2018-07-18T16:57:52.000-0400",,,,,,,,327585,"Wed Jul 18 16:57:52 EDT 2018 Sent 327585 to Accounting System"
"2018-07-18T16:57:49.000-0400",,,,,,327585,,,"Wed Jul 18 16:57:49 EDT 2018 Market response for TradeID: 327585 Trade Accepted"
"2018-07-18T16:57:41.000-0400",,,,,,,,327585,"Wed Jul 18 16:57:41 EDT 2018 Sent 327585 to market engine"
"2018-07-18T16:57:40.000-0400",user2500,buy,49,635,PON,,327585,,"Wed Jul 18 16:57:40 EDT 2018 Received Trade 327585 with detail user: user2500 date: Wed Jul 18 16:57:40 EDT 2018 action: buy 635 PON @ 49"
"2018-07-18T16:57:37.000-0400",,,,,,327584,,,"Wed Jul 18 16:57:37 EDT 2018 TradeID: 327584 Confirmation: 325144 "
"2018-07-18T16:57:37.000-0400",,,,,,327584,,,"Wed Jul 18 16:57:37 EDT 2018 Accounting response for TradeID: 327584 posted"
"2018-07-18T16:57:36.000-0400",,,,,,,,327584,"Wed Jul 18 16:57:36 EDT 2018 Sent 327584 to Accounting System"
"2018-07-18T16:57:33.000-0400",,,,,,327584,,,"Wed Jul 18 16:57:33 EDT 2018 Market response for TradeID: 327584 Trade Accepted"
"2018-07-18T16:57:30.000-0400",,,,,,,,327584,"Wed Jul 18 16:57:30 EDT 2018 Sent 327584 to market engine"
"2018-07-18T16:57:29.000-0400",user99,buy,"49.5",453,DIG,,327584,,"Wed Jul 18 16:57:29 EDT 2018 Received Trade 327584 with detail user: user99 date: Wed Jul 18 16:57:29 EDT 2018 action: buy 453 DIG @ 49.5"
"2018-07-18T16:57:21.000-0400",,,,,,327583,,,"Wed Jul 18 16:57:21 EDT 2018 TradeID: 327583 Confirmation: 325061 "
"2018-07-18T16:57:21.000-0400",,,,,,327583,,,"Wed Jul 18 16:57:21 EDT 2018 Accounting response for TradeID: 327583 posted"
"2018-07-18T16:57:14.000-0400",,,,,,,,327583,"Wed Jul 18 16:57:14 EDT 2018 Sent 327583 to Accounting System"
"2018-07-18T16:57:13.000-0400",,,,,,327583,,,"Wed Jul 18 16:57:13 EDT 2018 Market response for TradeID: 327583 Trade Accepted"
"2018-07-18T16:57:08.000-0400",,,,,,,,327583,"Wed Jul 18 16:57:08 EDT 2018 Sent 327583 to market engine"
"2018-07-18T16:57:07.000-0400",user5678,buy,56,4827,CCC,,327583,,"Wed Jul 18 16:57:07 EDT 2018 Received Trade 327583 with detail user: user5678 date: Wed Jul 18 16:57:07 EDT 2018 action: buy 4827 CCC @ 56"
"2018-07-18T16:57:06.000-0400",,,,,,327582,,,"Wed Jul 18 16:57:06 EDT 2018 TradeID: 327582 Confirmation: 325032 "
"2018-07-18T16:57:06.000-0400",,,,,,327582,,,"Wed Jul 18 16:57:06 EDT 2018 Accounting response for TradeID: 327582 posted"
"2018-07-18T16:57:01.000-0400",,,,,,,,327582,"Wed Jul 18 16:57:01 EDT 2018 Sent 327582 to Accounting System"
"2018-07-18T16:56:59.000-0400",,,,,,327582,,,"Wed Jul 18 16:56:59 EDT 2018 Market response for TradeID: 327582 Trade Accepted"
"2018-07-18T16:56:52.000-0400",,,,,,,,327582,"Wed Jul 18 16:56:52 EDT 2018 Sent 327582 to market engine"
"2018-07-18T16:56:51.000-0400",user2500,sell,56,2465,CCC,,327582,,"Wed Jul 18 16:56:51 EDT 2018 Received Trade 327582 with detail user: user2500 date: Wed Jul 18 16:56:51 EDT 2018 action: sell 2465 CCC @ 56"
"2018-07-18T16:56:50.000-0400",,,,,,327581,,,"Wed Jul 18 16:56:50 EDT 2018 TradeID: 327581 Confirmation: 325000 "
"2018-07-18T16:56:50.000-0400",,,,,,327581,,,"Wed Jul 18 16:56:50 EDT 2018 Accounting response for TradeID: 327581 posted"
"2018-07-18T16:56:47.000-0400",,,,,,,,327581,"Wed Jul 18 16:56:47 EDT 2018 Sent 327581 to Accounting System"
"2018-07-18T16:56:46.000-0400",,,,,,327581,,,"Wed Jul 18 16:56:46 EDT 2018 Market response for TradeID: 327581 Trade Accepted"
"2018-07-18T16:56:44.000-0400",,,,,,,,327581,"Wed Jul 18 16:56:44 EDT 2018 Sent 327581 to market engine"
"2018-07-18T16:56:43.000-0400",user3456,buy,56,209,BAM,,327581,,"Wed Jul 18 16:56:43 EDT 2018 Received Trade 327581 with detail user: user3456 date: Wed Jul 18 16:56:43 EDT 2018 action: buy 209 BAM @ 56"
"2018-07-18T16:56:39.000-0400",,,,,,327580,,,"Wed Jul 18 16:56:39 EDT 2018 TradeID: 327580 Confirmation: 324962 "
"2018-07-18T16:56:39.000-0400",,,,,,327580,,,"Wed Jul 18 16:56:39 EDT 2018 Accounting response for TradeID: 327580 posted"
"2018-07-18T16:56:30.000-0400",,,,,,,,327580,"Wed Jul 18 16:56:30 EDT 2018 Sent 327580 to Accounting System"
"2018-07-18T16:56:28.000-0400",,,,,,327580,,,"Wed Jul 18 16:56:28 EDT 2018 Market response for TradeID: 327580 Trade Accepted"
"2018-07-18T16:56:20.000-0400",,,,,,,,327580,"Wed Jul 18 16:56:20 EDT 2018 Sent 327580 to market engine"
"2018-07-18T16:56:19.000-0400",user2000,buy,32,2937,BIS,,327580,,"Wed Jul 18 16:56:19 EDT 2018 Received Trade 327580 with detail user: user2000 date: Wed Jul 18 16:56:19 EDT 2018 action: buy 2937 BIS @ 32"
"2018-07-18T16:56:13.000-0400",,,,,,327579,,,"Wed Jul 18 16:56:13 EDT 2018 TradeID: 327579 Confirmation: 324893 "
"2018-07-18T16:56:13.000-0400",,,,,,327579,,,"Wed Jul 18 16:56:13 EDT 2018 Accounting response for TradeID: 327579 posted"
"2018-07-18T16:56:07.000-0400",,,,,,,,327579,"Wed Jul 18 16:56:07 EDT 2018 Sent 327579 to Accounting System"
"2018-07-18T16:56:06.000-0400",,,,,,327579,,,"Wed Jul 18 16:56:06 EDT 2018 Market response for TradeID: 327579 Trade Accepted"
"2018-07-18T16:56:02.000-0400",,,,,,,,327579,"Wed Jul 18 16:56:02 EDT 2018 Sent 327579 to market engine"
"2018-07-18T16:56:01.000-0400",user1234,buy,91,4258,BIS,,327579,,"Wed Jul 18 16:56:01 EDT 2018 Received Trade 327579 with detail user: user1234 date: Wed Jul 18 16:56:01 EDT 2018 action: buy 4258 BIS @ 91"
"2018-07-18T16:55:57.000-0400",,,,,,327578,,,"Wed Jul 18 16:55:57 EDT 2018 TradeID: 327578 Confirmation: 324862 "
"2018-07-18T16:55:57.000-0400",,,,,,327578,,,"Wed Jul 18 16:55:57 EDT 2018 Accounting response for TradeID: 327578 posted"
"2018-07-18T16:55:57.000-0400",,,,,,,,327578,"Wed Jul 18 16:55:57 EDT 2018 Sent 327578 to Accounting System"
"2018-07-18T16:55:56.000-0400",,,,,,327578,,,"Wed Jul 18 16:55:56 EDT 2018 Market response for TradeID: 327578 Trade Accepted"
"2018-07-18T16:55:49.000-0400",,,,,,,,327578,"Wed Jul 18 16:55:49 EDT 2018 Sent 327578 to market engine"
"2018-07-18T16:55:48.000-0400",user3000,buy,40,3301,SFIN,,327578,,"Wed Jul 18 16:55:48 EDT 2018 Received Trade 327578 with detail user: user3000 date: Wed Jul 18 16:55:48 EDT 2018 action: buy 3301 SFIN @ 40"
"2018-07-18T16:55:45.000-0400",,,,,,327577,,,"Wed Jul 18 16:55:45 EDT 2018 TradeID: 327577 Confirmation: 324810 "
"2018-07-18T16:55:45.000-0400",,,,,,327577,,,"Wed Jul 18 16:55:45 EDT 2018 Accounting response for TradeID: 327577 posted"
"2018-07-18T16:55:44.000-0400",,,,,,,,327577,"Wed Jul 18 16:55:44 EDT 2018 Sent 327577 to Accounting System"
"2018-07-18T16:55:42.000-0400",,,,,,327577,,,"Wed Jul 18 16:55:42 EDT 2018 Market response for TradeID: 327577 Trade Accepted"
"2018-07-18T16:55:35.000-0400",,,,,,,,327577,"Wed Jul 18 16:55:35 EDT 2018 Sent 327577 to market engine"
"2018-07-18T16:55:34.000-0400",user1990,buy,16,4957,BIS,,327577,,"Wed Jul 18 16:55:34 EDT 2018 Received Trade 327577 with detail user: user1990 date: Wed Jul 18 16:55:34 EDT 2018 action: buy 4957 BIS @ 16"
"2018-07-18T16:55:25.000-0400",,,,,,327576,,,"Wed Jul 18 16:55:25 EDT 2018 TradeID: 327576 Confirmation: 324754 "
"2018-07-18T16:55:25.000-0400",,,,,,327576,,,"Wed Jul 18 16:55:25 EDT 2018 Accounting response for TradeID: 327576 posted"
"2018-07-18T16:55:16.000-0400",,,,,,,,327576,"Wed Jul 18 16:55:16 EDT 2018 Sent 327576 to Accounting System"
"2018-07-18T16:55:15.000-0400",,,,,,327576,,,"Wed Jul 18 16:55:15 EDT 2018 Market response for TradeID: 327576 Trade Accepted"
"2018-07-18T16:55:06.000-0400",,,,,,,,327576,"Wed Jul 18 16:55:06 EDT 2018 Sent 327576 to market engine"
"2018-07-18T16:55:05.000-0400",user1234,sell,21,456,CCC,,327576,,"Wed Jul 18 16:55:05 EDT 2018 Received Trade 327576 with detail user: user1234 date: Wed Jul 18 16:55:05 EDT 2018 action: sell 456 CCC @ 21"
"2018-07-18T16:54:43.000-0400",,,,,,327575,,,"Wed Jul 18 16:54:43 EDT 2018 TradeID: 327575 Confirmation: 324673 "
"2018-07-18T16:54:43.000-0400",,,,,,327575,,,"Wed Jul 18 16:54:43 EDT 2018 Accounting response for TradeID: 327575 posted"
"2018-07-18T16:54:39.000-0400",,,,,,,,327575,"Wed Jul 18 16:54:39 EDT 2018 Sent 327575 to Accounting System"
"2018-07-18T16:54:38.000-0400",,,,,,327575,,,"Wed Jul 18 16:54:38 EDT 2018 Market response for TradeID: 327575 Trade Accepted"
"2018-07-18T16:54:36.000-0400",,,,,,,,327575,"Wed Jul 18 16:54:36 EDT 2018 Sent 327575 to market engine"
"2018-07-18T16:54:35.000-0400",user3000,sell,2,62,CCC,,327575,,"Wed Jul 18 16:54:35 EDT 2018 Received Trade 327575 with detail user: user3000 date: Wed Jul 18 16:54:35 EDT 2018 action: sell 62 CCC @ 2"
"2018-07-18T16:54:25.000-0400",,,,,,327574,,,"Wed Jul 18 16:54:25 EDT 2018 TradeID: 327574 Confirmation: 324620 "
"2018-07-18T16:54:25.000-0400",,,,,,327574,,,"Wed Jul 18 16:54:25 EDT 2018 Accounting response for TradeID: 327574 posted"
"2018-07-18T16:54:22.000-0400",,,,,,,,327574,"Wed Jul 18 16:54:22 EDT 2018 Sent 327574 to Accounting System"
"2018-07-18T16:54:20.000-0400",,,,,,327574,,,"Wed Jul 18 16:54:20 EDT 2018 Market response for TradeID: 327574 Trade Accepted"
"2018-07-18T16:54:14.000-0400",,,,,,,,327574,"Wed Jul 18 16:54:14 EDT 2018 Sent 327574 to market engine"
"2018-07-18T16:54:13.000-0400",user42,sell,83,1933,ABA,,327574,,"Wed Jul 18 16:54:13 EDT 2018 Received Trade 327574 with detail user: user42 date: Wed Jul 18 16:54:13 EDT 2018 action: sell 1933 ABA @ 83"
"2018-07-18T16:54:05.000-0400",,,,,,327573,,,"Wed Jul 18 16:54:05 EDT 2018 TradeID: 327573 Confirmation: 324567 "
"2018-07-18T16:54:05.000-0400",,,,,,327573,,,"Wed Jul 18 16:54:05 EDT 2018 Accounting response for TradeID: 327573 posted"
"2018-07-18T16:53:59.000-0400",,,,,,,,327573,"Wed Jul 18 16:53:59 EDT 2018 Sent 327573 to Accounting System"
"2018-07-18T16:53:57.000-0400",,,,,,327573,,,"Wed Jul 18 16:53:57 EDT 2018 Market response for TradeID: 327573 Trade Accepted"
"2018-07-18T16:53:53.000-0400",,,,,,,,327573,"Wed Jul 18 16:53:53 EDT 2018 Sent 327573 to market engine"
"2018-07-18T16:53:52.000-0400",user1990,buy,82,3863,BAM,,327573,,"Wed Jul 18 16:53:52 EDT 2018 Received Trade 327573 with detail user: user1990 date: Wed Jul 18 16:53:52 EDT 2018 action: buy 3863 BAM @ 82"
"2018-07-18T16:53:47.000-0400",,,,,,327572,,,"Wed Jul 18 16:53:47 EDT 2018 TradeID: 327572 Confirmation: 324523 "
"2018-07-18T16:53:47.000-0400",,,,,,327572,,,"Wed Jul 18 16:53:47 EDT 2018 Accounting response for TradeID: 327572 posted"
"2018-07-18T16:53:44.000-0400",,,,,,,,327572,"Wed Jul 18 16:53:44 EDT 2018 Sent 327572 to Accounting System"
"2018-07-18T16:53:43.000-0400",,,,,,327572,,,"Wed Jul 18 16:53:43 EDT 2018 Market response for TradeID: 327572 Trade Accepted"
"2018-07-18T16:53:36.000-0400",,,,,,,,327572,"Wed Jul 18 16:53:36 EDT 2018 Sent 327572 to market engine"
"2018-07-18T16:53:35.000-0400",user42,buy,84,331,PON,,327572,,"Wed Jul 18 16:53:35 EDT 2018 Received Trade 327572 with detail user: user42 date: Wed Jul 18 16:53:35 EDT 2018 action: buy 331 PON @ 84"
"2018-07-18T16:53:23.000-0400",,,,,,327571,,,"Wed Jul 18 16:53:23 EDT 2018 TradeID: 327571 Confirmation: 324507 "
"2018-07-18T16:53:23.000-0400",,,,,,327571,,,"Wed Jul 18 16:53:23 EDT 2018 Accounting response for TradeID: 327571 posted"
"2018-07-18T16:53:16.000-0400",,,,,,,,327571,"Wed Jul 18 16:53:16 EDT 2018 Sent 327571 to Accounting System"
"2018-07-18T16:53:15.000-0400",,,,,,327571,,,"Wed Jul 18 16:53:15 EDT 2018 Market response for TradeID: 327571 Trade Accepted"
"2018-07-18T16:53:06.000-0400",,,,,,,,327571,"Wed Jul 18 16:53:06 EDT 2018 Sent 327571 to market engine"
"2018-07-18T16:53:05.000-0400",user42,sell,54,2652,BIS,,327571,,"Wed Jul 18 16:53:05 EDT 2018 Received Trade 327571 with detail user: user42 date: Wed Jul 18 16:53:05 EDT 2018 action: sell 2652 BIS @ 54"
"2018-07-18T16:52:47.000-0400",,,,,,327570,,,"Wed Jul 18 16:52:47 EDT 2018 TradeID: 327570 Confirmation: 324449 "
"2018-07-18T16:52:47.000-0400",,,,,,327570,,,"Wed Jul 18 16:52:47 EDT 2018 Accounting response for TradeID: 327570 posted"
"2018-07-18T16:52:45.000-0400",,,,,,,,327570,"Wed Jul 18 16:52:45 EDT 2018 Sent 327570 to Accounting System"
"2018-07-18T16:52:42.000-0400",,,,,,327570,,,"Wed Jul 18 16:52:42 EDT 2018 Market response for TradeID: 327570 Trade Accepted"
"2018-07-18T16:52:36.000-0400",,,,,,,,327570,"Wed Jul 18 16:52:36 EDT 2018 Sent 327570 to market engine"
"2018-07-18T16:52:35.000-0400",user3456,buy,46,1749,BAM,,327570,,"Wed Jul 18 16:52:35 EDT 2018 Received Trade 327570 with detail user: user3456 date: Wed Jul 18 16:52:35 EDT 2018 action: buy 1749 BAM @ 46"
"2018-07-18T16:52:24.000-0400",,,,,,327569,,,"Wed Jul 18 16:52:24 EDT 2018 TradeID: 327569 Confirmation: 324438 "
"2018-07-18T16:52:24.000-0400",,,,,,327569,,,"Wed Jul 18 16:52:24 EDT 2018 Accounting response for TradeID: 327569 posted"
"2018-07-18T16:52:22.000-0400",,,,,,,,327569,"Wed Jul 18 16:52:22 EDT 2018 Sent 327569 to Accounting System"
"2018-07-18T16:52:19.000-0400",,,,,,327569,,,"Wed Jul 18 16:52:19 EDT 2018 Market response for TradeID: 327569 Trade Accepted"
"2018-07-18T16:52:16.000-0400",,,,,,,,327569,"Wed Jul 18 16:52:16 EDT 2018 Sent 327569 to market engine"
"2018-07-18T16:52:15.000-0400",user1999,sell,7,943,SFIN,,327569,,"Wed Jul 18 16:52:15 EDT 2018 Received Trade 327569 with detail user: user1999 date: Wed Jul 18 16:52:15 EDT 2018 action: sell 943 SFIN @ 7"
"2018-07-18T16:52:13.000-0400",,,,,,327568,,,"Wed Jul 18 16:52:13 EDT 2018 TradeID: 327568 Confirmation: 324384 "
"2018-07-18T16:52:13.000-0400",,,,,,327568,,,"Wed Jul 18 16:52:13 EDT 2018 Accounting response for TradeID: 327568 posted"
"2018-07-18T16:52:04.000-0400",,,,,,,,327568,"Wed Jul 18 16:52:04 EDT 2018 Sent 327568 to Accounting System"
"2018-07-18T16:52:03.000-0400",,,,,,327568,,,"Wed Jul 18 16:52:03 EDT 2018 Market response for TradeID: 327568 Trade Accepted"
"2018-07-18T16:52:02.000-0400",,,,,,,,327568,"Wed Jul 18 16:52:02 EDT 2018 Sent 327568 to market engine"
"2018-07-18T16:52:01.000-0400",user1990,buy,25,1414,BIS,,327568,,"Wed Jul 18 16:52:01 EDT 2018 Received Trade 327568 with detail user: user1990 date: Wed Jul 18 16:52:01 EDT 2018 action: buy 1414 BIS @ 25"
"2018-07-18T16:51:58.000-0400",,,,,,327567,,,"Wed Jul 18 16:51:58 EDT 2018 TradeID: 327567 Confirmation: 324377 "
"2018-07-18T16:51:58.000-0400",,,,,,327567,,,"Wed Jul 18 16:51:58 EDT 2018 Accounting response for TradeID: 327567 posted"
"2018-07-18T16:51:55.000-0400",,,,,,,,327567,"Wed Jul 18 16:51:55 EDT 2018 Sent 327567 to Accounting System"
"2018-07-18T16:51:53.000-0400",,,,,,327567,,,"Wed Jul 18 16:51:53 EDT 2018 Market response for TradeID: 327567 Trade Accepted"
"2018-07-18T16:51:49.000-0400",,,,,,,,327567,"Wed Jul 18 16:51:49 EDT 2018 Sent 327567 to market engine"
"2018-07-18T16:51:48.000-0400",user5678,buy,71,4896,ABA,,327567,,"Wed Jul 18 16:51:48 EDT 2018 Received Trade 327567 with detail user: user5678 date: Wed Jul 18 16:51:48 EDT 2018 action: buy 4896 ABA @ 71"
"2018-07-18T16:51:40.000-0400",,,,,,327566,,,"Wed Jul 18 16:51:40 EDT 2018 TradeID: 327566 Confirmation: 324332 "
"2018-07-18T16:51:40.000-0400",,,,,,327566,,,"Wed Jul 18 16:51:40 EDT 2018 Accounting response for TradeID: 327566 posted"
"2018-07-18T16:51:38.000-0400",,,,,,,,327566,"Wed Jul 18 16:51:38 EDT 2018 Sent 327566 to Accounting System"
"2018-07-18T16:51:37.000-0400",,,,,,327566,,,"Wed Jul 18 16:51:37 EDT 2018 Market response for TradeID: 327566 Trade Accepted"
"2018-07-18T16:51:36.000-0400",,,,,,,,327566,"Wed Jul 18 16:51:36 EDT 2018 Sent 327566 to market engine"
"2018-07-18T16:51:35.000-0400",user2200,buy,71,141,ABA,,327566,,"Wed Jul 18 16:51:35 EDT 2018 Received Trade 327566 with detail user: user2200 date: Wed Jul 18 16:51:35 EDT 2018 action: buy 141 ABA @ 71"
"2018-07-18T16:51:15.000-0400",,,,,,327565,,,"Wed Jul 18 16:51:15 EDT 2018 TradeID: 327565 Confirmation: 324276 "
"2018-07-18T16:51:15.000-0400",,,,,,327565,,,"Wed Jul 18 16:51:15 EDT 2018 Accounting response for TradeID: 327565 posted"
"2018-07-18T16:51:15.000-0400",,,,,,,,327565,"Wed Jul 18 16:51:15 EDT 2018 Sent 327565 to Accounting System"
"2018-07-18T16:51:12.000-0400",,,,,,327565,,,"Wed Jul 18 16:51:12 EDT 2018 Market response for TradeID: 327565 Trade Accepted"
"2018-07-18T16:51:06.000-0400",,,,,,,,327565,"Wed Jul 18 16:51:06 EDT 2018 Sent 327565 to market engine"
"2018-07-18T16:51:05.000-0400",user5678,buy,83,1916,STEL,,327565,,"Wed Jul 18 16:51:05 EDT 2018 Received Trade 327565 with detail user: user5678 date: Wed Jul 18 16:51:05 EDT 2018 action: buy 1916 STEL @ 83"
"2018-07-18T16:50:55.000-0400",,,,,,327564,,,"Wed Jul 18 16:50:55 EDT 2018 TradeID: 327564 Confirmation: 324235 "
"2018-07-18T16:50:55.000-0400",,,,,,327564,,,"Wed Jul 18 16:50:55 EDT 2018 Accounting response for TradeID: 327564 posted"
"2018-07-18T16:50:54.000-0400",,,,,,,,327564,"Wed Jul 18 16:50:54 EDT 2018 Sent 327564 to Accounting System"
"2018-07-18T16:50:53.000-0400",,,,,,327564,,,"Wed Jul 18 16:50:53 EDT 2018 Market response for TradeID: 327564 Trade Accepted"
"2018-07-18T16:50:47.000-0400",,,,,,,,327564,"Wed Jul 18 16:50:47 EDT 2018 Sent 327564 to market engine"
"2018-07-18T16:50:46.000-0400",user2000,buy,37,3639,ABA,,327564,,"Wed Jul 18 16:50:46 EDT 2018 Received Trade 327564 with detail user: user2000 date: Wed Jul 18 16:50:46 EDT 2018 action: buy 3639 ABA @ 37"
"2018-07-18T16:50:46.000-0400",,,,,,327563,,,"Wed Jul 18 16:50:46 EDT 2018 TradeID: 327563 Confirmation: 324178 "
"2018-07-18T16:50:46.000-0400",,,,,,327563,,,"Wed Jul 18 16:50:46 EDT 2018 Accounting response for TradeID: 327563 posted"
"2018-07-18T16:50:46.000-0400",,,,,,,,327563,"Wed Jul 18 16:50:46 EDT 2018 Sent 327563 to Accounting System"
"2018-07-18T16:50:45.000-0400",,,,,,327563,,,"Wed Jul 18 16:50:45 EDT 2018 Market response for TradeID: 327563 Trade Accepted"
"2018-07-18T16:50:36.000-0400",,,,,,,,327563,"Wed Jul 18 16:50:36 EDT 2018 Sent 327563 to market engine"
"2018-07-18T16:50:35.000-0400",user1999,sell,11,3131,BIS,,327563,,"Wed Jul 18 16:50:35 EDT 2018 Received Trade 327563 with detail user: user1999 date: Wed Jul 18 16:50:35 EDT 2018 action: sell 3131 BIS @ 11"
"2018-07-18T16:50:16.000-0400",,,,,,327562,,,"Wed Jul 18 16:50:16 EDT 2018 TradeID: 327562 Confirmation: 324125 "
"2018-07-18T16:50:16.000-0400",,,,,,327562,,,"Wed Jul 18 16:50:16 EDT 2018 Accounting response for TradeID: 327562 posted"
"2018-07-18T16:50:13.000-0400",,,,,,,,327562,"Wed Jul 18 16:50:13 EDT 2018 Sent 327562 to Accounting System"
"2018-07-18T16:50:11.000-0400",,,,,,327562,,,"Wed Jul 18 16:50:11 EDT 2018 Market response for TradeID: 327562 Trade Accepted"
"2018-07-18T16:50:10.000-0400",,,,,,,,327562,"Wed Jul 18 16:50:10 EDT 2018 Sent 327562 to market engine"
"2018-07-18T16:50:09.000-0400",user1999,sell,54,3417,BIS,,327562,,"Wed Jul 18 16:50:09 EDT 2018 Received Trade 327562 with detail user: user1999 date: Wed Jul 18 16:50:09 EDT 2018 action: sell 3417 BIS @ 54"
"2018-07-18T16:50:08.000-0400",,,,,,327561,,,"Wed Jul 18 16:50:08 EDT 2018 TradeID: 327561 Confirmation: 324039 "
"2018-07-18T16:50:08.000-0400",,,,,,327561,,,"Wed Jul 18 16:50:08 EDT 2018 Accounting response for TradeID: 327561 posted"
"2018-07-18T16:50:03.000-0400",,,,,,,,327561,"Wed Jul 18 16:50:03 EDT 2018 Sent 327561 to Accounting System"
"2018-07-18T16:50:00.000-0400",,,,,,327561,,,"Wed Jul 18 16:50:00 EDT 2018 Market response for TradeID: 327561 Trade Accepted"
"2018-07-18T16:49:55.000-0400",,,,,,,,327561,"Wed Jul 18 16:49:55 EDT 2018 Sent 327561 to market engine"
"2018-07-18T16:49:54.000-0400",user5678,buy,5,3588,DIG,,327561,,"Wed Jul 18 16:49:54 EDT 2018 Received Trade 327561 with detail user: user5678 date: Wed Jul 18 16:49:54 EDT 2018 action: buy 3588 DIG @ 5"
"2018-07-18T16:49:53.000-0400",,,,,,327560,,,"Wed Jul 18 16:49:53 EDT 2018 TradeID: 327560 Confirmation: 323990 "
"2018-07-18T16:49:53.000-0400",,,,,,327560,,,"Wed Jul 18 16:49:53 EDT 2018 Accounting response for TradeID: 327560 posted"
"2018-07-18T16:49:53.000-0400",,,,,,,,327560,"Wed Jul 18 16:49:53 EDT 2018 Sent 327560 to Accounting System"
"2018-07-18T16:49:52.000-0400",,,,,,327560,,,"Wed Jul 18 16:49:52 EDT 2018 Market response for TradeID: 327560 Trade Accepted"
"2018-07-18T16:49:51.000-0400",,,,,,,,327560,"Wed Jul 18 16:49:51 EDT 2018 Sent 327560 to market engine"
"2018-07-18T16:49:50.000-0400",user2500,buy,96,2793,CUP,,327560,,"Wed Jul 18 16:49:50 EDT 2018 Received Trade 327560 with detail user: user2500 date: Wed Jul 18 16:49:50 EDT 2018 action: buy 2793 CUP @ 96"
"2018-07-18T16:49:47.000-0400",,,,,,327559,,,"Wed Jul 18 16:49:47 EDT 2018 TradeID: 327559 Confirmation: 323949 "
"2018-07-18T16:49:47.000-0400",,,,,,327559,,,"Wed Jul 18 16:49:47 EDT 2018 Accounting response for TradeID: 327559 posted"
"2018-07-18T16:49:44.000-0400",,,,,,,,327559,"Wed Jul 18 16:49:44 EDT 2018 Sent 327559 to Accounting System"
"2018-07-18T16:49:41.000-0400",,,,,,327559,,,"Wed Jul 18 16:49:41 EDT 2018 Market response for TradeID: 327559 Trade Accepted"
"2018-07-18T16:49:39.000-0400",,,,,,,,327559,"Wed Jul 18 16:49:39 EDT 2018 Sent 327559 to market engine"
"2018-07-18T16:49:38.000-0400",user2000,sell,25,157,SFIN,,327559,,"Wed Jul 18 16:49:38 EDT 2018 Received Trade 327559 with detail user: user2000 date: Wed Jul 18 16:49:38 EDT 2018 action: sell 157 SFIN @ 25"
"2018-07-18T16:49:30.000-0400",,,,,,327558,,,"Wed Jul 18 16:49:30 EDT 2018 TradeID: 327558 Confirmation: 323906 "
"2018-07-18T16:49:30.000-0400",,,,,,327558,,,"Wed Jul 18 16:49:30 EDT 2018 Accounting response for TradeID: 327558 posted"
"2018-07-18T16:49:30.000-0400",,,,,,,,327558,"Wed Jul 18 16:49:30 EDT 2018 Sent 327558 to Accounting System"
"2018-07-18T16:49:28.000-0400",,,,,,327558,,,"Wed Jul 18 16:49:28 EDT 2018 Market response for TradeID: 327558 Trade Accepted"
"2018-07-18T16:49:27.000-0400",,,,,,,,327558,"Wed Jul 18 16:49:27 EDT 2018 Sent 327558 to market engine"
"2018-07-18T16:49:26.000-0400",user2000,buy,8,2834,ABA,,327558,,"Wed Jul 18 16:49:26 EDT 2018 Received Trade 327558 with detail user: user2000 date: Wed Jul 18 16:49:26 EDT 2018 action: buy 2834 ABA @ 8"
"2018-07-18T16:49:18.000-0400",,,,,,327557,,,"Wed Jul 18 16:49:18 EDT 2018 TradeID: 327557 Confirmation: 323849 "
"2018-07-18T16:49:18.000-0400",,,,,,327557,,,"Wed Jul 18 16:49:18 EDT 2018 Accounting response for TradeID: 327557 posted"
"2018-07-18T16:49:12.000-0400",,,,,,,,327557,"Wed Jul 18 16:49:12 EDT 2018 Sent 327557 to Accounting System"
"2018-07-18T16:49:09.000-0400",,,,,,327557,,,"Wed Jul 18 16:49:09 EDT 2018 Market response for TradeID: 327557 Trade Accepted"
"2018-07-18T16:49:05.000-0400",,,,,,,,327557,"Wed Jul 18 16:49:05 EDT 2018 Sent 327557 to market engine"
"2018-07-18T16:49:04.000-0400",user99,sell,"22.5",1498,BIS,,327557,,"Wed Jul 18 16:49:04 EDT 2018 Received Trade 327557 with detail user: user99 date: Wed Jul 18 16:49:04 EDT 2018 action: sell 1498 BIS @ 22.5"
"2018-07-18T16:48:56.000-0400",,,,,,327556,,,"Wed Jul 18 16:48:56 EDT 2018 TradeID: 327556 Confirmation: 323809 "
"2018-07-18T16:48:56.000-0400",,,,,,327556,,,"Wed Jul 18 16:48:56 EDT 2018 Accounting response for TradeID: 327556 posted"
"2018-07-18T16:48:53.000-0400",,,,,,,,327556,"Wed Jul 18 16:48:53 EDT 2018 Sent 327556 to Accounting System"
"2018-07-18T16:48:51.000-0400",,,,,,327556,,,"Wed Jul 18 16:48:51 EDT 2018 Market response for TradeID: 327556 Trade Accepted"
"2018-07-18T16:48:49.000-0400",,,,,,,,327556,"Wed Jul 18 16:48:49 EDT 2018 Sent 327556 to market engine"
"2018-07-18T16:48:48.000-0400",user2200,buy,19,2715,PON,,327556,,"Wed Jul 18 16:48:48 EDT 2018 Received Trade 327556 with detail user: user2200 date: Wed Jul 18 16:48:48 EDT 2018 action: buy 2715 PON @ 19"
"2018-07-18T16:48:47.000-0400",,,,,,327555,,,"Wed Jul 18 16:48:47 EDT 2018 TradeID: 327555 Confirmation: 323738 "
"2018-07-18T16:48:47.000-0400",,,,,,327555,,,"Wed Jul 18 16:48:47 EDT 2018 Accounting response for TradeID: 327555 posted"
"2018-07-18T16:48:46.000-0400",,,,,,,,327555,"Wed Jul 18 16:48:46 EDT 2018 Sent 327555 to Accounting System"
"2018-07-18T16:48:45.000-0400",,,,,,327555,,,"Wed Jul 18 16:48:45 EDT 2018 Market response for TradeID: 327555 Trade Accepted"
"2018-07-18T16:48:36.000-0400",,,,,,,,327555,"Wed Jul 18 16:48:36 EDT 2018 Sent 327555 to market engine"
"2018-07-18T16:48:35.000-0400",user3000,buy,9,2593,CCC,,327555,,"Wed Jul 18 16:48:35 EDT 2018 Received Trade 327555 with detail user: user3000 date: Wed Jul 18 16:48:35 EDT 2018 action: buy 2593 CCC @ 9"
"2018-07-18T16:48:21.000-0400",,,,,,327554,,,"Wed Jul 18 16:48:21 EDT 2018 TradeID: 327554 Confirmation: 323720 "
"2018-07-18T16:48:21.000-0400",,,,,,327554,,,"Wed Jul 18 16:48:21 EDT 2018 Accounting response for TradeID: 327554 posted"
"2018-07-18T16:48:16.000-0400",,,,,,,,327554,"Wed Jul 18 16:48:16 EDT 2018 Sent 327554 to Accounting System"
"2018-07-18T16:48:13.000-0400",,,,,,327554,,,"Wed Jul 18 16:48:13 EDT 2018 Market response for TradeID: 327554 Trade Accepted"
"2018-07-18T16:48:13.000-0400",,,,,,,,327554,"Wed Jul 18 16:48:13 EDT 2018 Sent 327554 to market engine"
"2018-07-18T16:48:12.000-0400",user1999,sell,7,3418,BIS,,327554,,"Wed Jul 18 16:48:12 EDT 2018 Received Trade 327554 with detail user: user1999 date: Wed Jul 18 16:48:12 EDT 2018 action: sell 3418 BIS @ 7"
"2018-07-18T16:48:03.000-0400",,,,,,327553,,,"Wed Jul 18 16:48:03 EDT 2018 TradeID: 327553 Confirmation: 323681 "
"2018-07-18T16:48:03.000-0400",,,,,,327553,,,"Wed Jul 18 16:48:03 EDT 2018 Accounting response for TradeID: 327553 posted"
"2018-07-18T16:47:57.000-0400",,,,,,,,327553,"Wed Jul 18 16:47:57 EDT 2018 Sent 327553 to Accounting System"
"2018-07-18T16:47:56.000-0400",,,,,,327553,,,"Wed Jul 18 16:47:56 EDT 2018 Market response for TradeID: 327553 Trade Accepted"
"2018-07-18T16:47:48.000-0400",,,,,,,,327553,"Wed Jul 18 16:47:48 EDT 2018 Sent 327553 to market engine"
"2018-07-18T16:47:47.000-0400",user2200,sell,30,299,PON,,327553,,"Wed Jul 18 16:47:47 EDT 2018 Received Trade 327553 with detail user: user2200 date: Wed Jul 18 16:47:47 EDT 2018 action: sell 299 PON @ 30"
"2018-07-18T16:47:40.000-0400",,,,,,327552,,,"Wed Jul 18 16:47:40 EDT 2018 TradeID: 327552 Confirmation: 323622 "
"2018-07-18T16:47:40.000-0400",,,,,,327552,,,"Wed Jul 18 16:47:40 EDT 2018 Accounting response for TradeID: 327552 posted"
"2018-07-18T16:47:36.000-0400",,,,,,,,327552,"Wed Jul 18 16:47:36 EDT 2018 Sent 327552 to Accounting System"
"2018-07-18T16:47:34.000-0400",,,,,,327552,,,"Wed Jul 18 16:47:34 EDT 2018 Market response for TradeID: 327552 Trade Accepted"
"2018-07-18T16:47:28.000-0400",,,,,,,,327552,"Wed Jul 18 16:47:28 EDT 2018 Sent 327552 to market engine"
"2018-07-18T16:47:27.000-0400",user3000,sell,39,425,DIG,,327552,,"Wed Jul 18 16:47:27 EDT 2018 Received Trade 327552 with detail user: user3000 date: Wed Jul 18 16:47:27 EDT 2018 action: sell 425 DIG @ 39"
"2018-07-18T16:47:23.000-0400",,,,,,327551,,,"Wed Jul 18 16:47:23 EDT 2018 TradeID: 327551 Confirmation: 323616 "
"2018-07-18T16:47:23.000-0400",,,,,,327551,,,"Wed Jul 18 16:47:23 EDT 2018 Accounting response for TradeID: 327551 posted"
"2018-07-18T16:47:21.000-0400",,,,,,,,327551,"Wed Jul 18 16:47:21 EDT 2018 Sent 327551 to Accounting System"
"2018-07-18T16:47:18.000-0400",,,,,,327551,,,"Wed Jul 18 16:47:18 EDT 2018 Market response for TradeID: 327551 Trade Accepted"
"2018-07-18T16:47:10.000-0400",,,,,,,,327551,"Wed Jul 18 16:47:10 EDT 2018 Sent 327551 to market engine"
"2018-07-18T16:47:09.000-0400",user1234,sell,80,4503,CCC,,327551,,"Wed Jul 18 16:47:09 EDT 2018 Received Trade 327551 with detail user: user1234 date: Wed Jul 18 16:47:09 EDT 2018 action: sell 4503 CCC @ 80"
"2018-07-18T16:47:09.000-0400",,,,,,327550,,,"Wed Jul 18 16:47:09 EDT 2018 TradeID: 327550 Confirmation: 323574 "
"2018-07-18T16:47:09.000-0400",,,,,,327550,,,"Wed Jul 18 16:47:09 EDT 2018 Accounting response for TradeID: 327550 posted"
"2018-07-18T16:47:08.000-0400",,,,,,,,327550,"Wed Jul 18 16:47:08 EDT 2018 Sent 327550 to Accounting System"
"2018-07-18T16:47:05.000-0400",,,,,,327550,,,"Wed Jul 18 16:47:05 EDT 2018 Market response for TradeID: 327550 Trade Accepted"
"2018-07-18T16:46:58.000-0400",,,,,,,,327550,"Wed Jul 18 16:46:58 EDT 2018 Sent 327550 to market engine"
"2018-07-18T16:46:57.000-0400",user1990,sell,9,440,CCC,,327550,,"Wed Jul 18 16:46:57 EDT 2018 Received Trade 327550 with detail user: user1990 date: Wed Jul 18 16:46:57 EDT 2018 action: sell 440 CCC @ 9"
"2018-07-18T16:46:50.000-0400",,,,,,327549,,,"Wed Jul 18 16:46:50 EDT 2018 TradeID: 327549 Confirmation: 323524 "
"2018-07-18T16:46:50.000-0400",,,,,,327549,,,"Wed Jul 18 16:46:50 EDT 2018 Accounting response for TradeID: 327549 posted"
"2018-07-18T16:46:43.000-0400",,,,,,,,327549,"Wed Jul 18 16:46:43 EDT 2018 Sent 327549 to Accounting System"
"2018-07-18T16:46:42.000-0400",,,,,,327549,,,"Wed Jul 18 16:46:42 EDT 2018 Market response for TradeID: 327549 Trade Accepted"
"2018-07-18T16:46:35.000-0400",,,,,,,,327549,"Wed Jul 18 16:46:35 EDT 2018 Sent 327549 to market engine"
"2018-07-18T16:46:34.000-0400",user3000,sell,44,1548,SFIN,,327549,,"Wed Jul 18 16:46:34 EDT 2018 Received Trade 327549 with detail user: user3000 date: Wed Jul 18 16:46:34 EDT 2018 action: sell 1548 SFIN @ 44"
"2018-07-18T16:46:30.000-0400",,,,,,327548,,,"Wed Jul 18 16:46:30 EDT 2018 TradeID: 327548 Confirmation: 323519 "
"2018-07-18T16:46:30.000-0400",,,,,,327548,,,"Wed Jul 18 16:46:30 EDT 2018 Accounting response for TradeID: 327548 posted"
"2018-07-18T16:46:27.000-0400",,,,,,,,327548,"Wed Jul 18 16:46:27 EDT 2018 Sent 327548 to Accounting System"
"2018-07-18T16:46:24.000-0400",,,,,,327548,,,"Wed Jul 18 16:46:24 EDT 2018 Market response for TradeID: 327548 Trade Accepted"
"2018-07-18T16:46:20.000-0400",,,,,,,,327548,"Wed Jul 18 16:46:20 EDT 2018 Sent 327548 to market engine"
"2018-07-18T16:46:19.000-0400",user2500,buy,72,27,PON,,327548,,"Wed Jul 18 16:46:19 EDT 2018 Received Trade 327548 with detail user: user2500 date: Wed Jul 18 16:46:19 EDT 2018 action: buy 27 PON @ 72"
"2018-07-18T16:46:14.000-0400",,,,,,327547,,,"Wed Jul 18 16:46:14 EDT 2018 TradeID: 327547 Confirmation: 323487 "
"2018-07-18T16:46:14.000-0400",,,,,,327547,,,"Wed Jul 18 16:46:14 EDT 2018 Accounting response for TradeID: 327547 posted"
"2018-07-18T16:46:09.000-0400",,,,,,,,327547,"Wed Jul 18 16:46:09 EDT 2018 Sent 327547 to Accounting System"
"2018-07-18T16:46:08.000-0400",,,,,,327547,,,"Wed Jul 18 16:46:08 EDT 2018 Market response for TradeID: 327547 Trade Accepted"
"2018-07-18T16:46:02.000-0400",,,,,,,,327547,"Wed Jul 18 16:46:02 EDT 2018 Sent 327547 to market engine"
"2018-07-18T16:46:01.000-0400",user1990,sell,81,4151,ABA,,327547,,"Wed Jul 18 16:46:01 EDT 2018 Received Trade 327547 with detail user: user1990 date: Wed Jul 18 16:46:01 EDT 2018 action: sell 4151 ABA @ 81"
"2018-07-18T16:45:56.000-0400",,,,,,327546,,,"Wed Jul 18 16:45:56 EDT 2018 TradeID: 327546 Confirmation: 323430 "
"2018-07-18T16:45:56.000-0400",,,,,,327546,,,"Wed Jul 18 16:45:56 EDT 2018 Accounting response for TradeID: 327546 posted"
"2018-07-18T16:45:49.000-0400",,,,,,,,327546,"Wed Jul 18 16:45:49 EDT 2018 Sent 327546 to Accounting System"
"2018-07-18T16:45:47.000-0400",,,,,,327546,,,"Wed Jul 18 16:45:47 EDT 2018 Market response for TradeID: 327546 Trade Accepted"
"2018-07-18T16:45:42.000-0400",,,,,,,,327546,"Wed Jul 18 16:45:42 EDT 2018 Sent 327546 to market engine"
"2018-07-18T16:45:41.000-0400",user2200,buy,19,1680,SFIN,,327546,,"Wed Jul 18 16:45:41 EDT 2018 Received Trade 327546 with detail user: user2200 date: Wed Jul 18 16:45:41 EDT 2018 action: buy 1680 SFIN @ 19"
"2018-07-18T16:45:40.000-0400",,,,,,327545,,,"Wed Jul 18 16:45:40 EDT 2018 TradeID: 327545 Confirmation: 323357 "
"2018-07-18T16:45:40.000-0400",,,,,,327545,,,"Wed Jul 18 16:45:40 EDT 2018 Accounting response for TradeID: 327545 posted"
"2018-07-18T16:45:37.000-0400",,,,,,,,327545,"Wed Jul 18 16:45:37 EDT 2018 Sent 327545 to Accounting System"
"2018-07-18T16:45:36.000-0400",,,,,,327545,,,"Wed Jul 18 16:45:36 EDT 2018 Market response for TradeID: 327545 Trade Accepted"
"2018-07-18T16:45:30.000-0400",,,,,,,,327545,"Wed Jul 18 16:45:30 EDT 2018 Sent 327545 to market engine"
"2018-07-18T16:45:29.000-0400",user1999,buy,48,760,STEL,,327545,,"Wed Jul 18 16:45:29 EDT 2018 Received Trade 327545 with detail user: user1999 date: Wed Jul 18 16:45:29 EDT 2018 action: buy 760 STEL @ 48"
"2018-07-18T16:45:28.000-0400",,,,,,327544,,,"Wed Jul 18 16:45:28 EDT 2018 TradeID: 327544 Confirmation: 323330 "
"2018-07-18T16:45:28.000-0400",,,,,,327544,,,"Wed Jul 18 16:45:28 EDT 2018 Accounting response for TradeID: 327544 posted"
"2018-07-18T16:45:22.000-0400",,,,,,,,327544,"Wed Jul 18 16:45:22 EDT 2018 Sent 327544 to Accounting System"
"2018-07-18T16:45:19.000-0400",,,,,,327544,,,"Wed Jul 18 16:45:19 EDT 2018 Market response for TradeID: 327544 Trade Accepted"
"2018-07-18T16:45:14.000-0400",,,,,,,,327544,"Wed Jul 18 16:45:14 EDT 2018 Sent 327544 to market engine"
"2018-07-18T16:45:13.000-0400",user3456,sell,88,607,BAM,,327544,,"Wed Jul 18 16:45:13 EDT 2018 Received Trade 327544 with detail user: user3456 date: Wed Jul 18 16:45:12 EDT 2018 action: sell 607 BAM @ 88"
"2018-07-18T16:45:10.000-0400",,,,,,327543,,,"Wed Jul 18 16:45:10 EDT 2018 TradeID: 327543 Confirmation: 323288 "
"2018-07-18T16:45:10.000-0400",,,,,,327543,,,"Wed Jul 18 16:45:10 EDT 2018 Accounting response for TradeID: 327543 posted"
"2018-07-18T16:45:02.000-0400",,,,,,,,327543,"Wed Jul 18 16:45:02 EDT 2018 Sent 327543 to Accounting System"
"2018-07-18T16:45:00.000-0400",,,,,,327543,,,"Wed Jul 18 16:45:00 EDT 2018 Market response for TradeID: 327543 Trade Accepted"
"2018-07-18T16:44:58.000-0400",,,,,,,,327543,"Wed Jul 18 16:44:58 EDT 2018 Sent 327543 to market engine"
"2018-07-18T16:44:57.000-0400",user1234,buy,52,2512,DIG,,327543,,"Wed Jul 18 16:44:57 EDT 2018 Received Trade 327543 with detail user: user1234 date: Wed Jul 18 16:44:57 EDT 2018 action: buy 2512 DIG @ 52"
"2018-07-18T16:44:57.000-0400",,,,,,327542,,,"Wed Jul 18 16:44:57 EDT 2018 TradeID: 327542 Confirmation: 323266 "
"2018-07-18T16:44:57.000-0400",,,,,,327542,,,"Wed Jul 18 16:44:57 EDT 2018 Accounting response for TradeID: 327542 posted"
"2018-07-18T16:44:48.000-0400",,,,,,,,327542,"Wed Jul 18 16:44:48 EDT 2018 Sent 327542 to Accounting System"
"2018-07-18T16:44:45.000-0400",,,,,,327542,,,"Wed Jul 18 16:44:45 EDT 2018 Market response for TradeID: 327542 Trade Accepted"
"2018-07-18T16:44:42.000-0400",,,,,,,,327542,"Wed Jul 18 16:44:42 EDT 2018 Sent 327542 to market engine"
"2018-07-18T16:44:41.000-0400",user5678,buy,88,749,PON,,327542,,"Wed Jul 18 16:44:41 EDT 2018 Received Trade 327542 with detail user: user5678 date: Wed Jul 18 16:44:41 EDT 2018 action: buy 749 PON @ 88"
"2018-07-18T16:44:33.000-0400",,,,,,327541,,,"Wed Jul 18 16:44:33 EDT 2018 TradeID: 327541 Confirmation: 323254 "
"2018-07-18T16:44:33.000-0400",,,,,,327541,,,"Wed Jul 18 16:44:33 EDT 2018 Accounting response for TradeID: 327541 posted"
"2018-07-18T16:44:30.000-0400",,,,,,,,327541,"Wed Jul 18 16:44:30 EDT 2018 Sent 327541 to Accounting System"
"2018-07-18T16:44:27.000-0400",,,,,,327541,,,"Wed Jul 18 16:44:27 EDT 2018 Market response for TradeID: 327541 Trade Accepted"
"2018-07-18T16:44:26.000-0400",,,,,,,,327541,"Wed Jul 18 16:44:26 EDT 2018 Sent 327541 to market engine"
"2018-07-18T16:44:25.000-0400",user42,sell,30,3918,STEL,,327541,,"Wed Jul 18 16:44:25 EDT 2018 Received Trade 327541 with detail user: user42 date: Wed Jul 18 16:44:25 EDT 2018 action: sell 3918 STEL @ 30"
"2018-07-18T16:44:17.000-0400",,,,,,327540,,,"Wed Jul 18 16:44:17 EDT 2018 TradeID: 327540 Confirmation: 323204 "
"2018-07-18T16:44:17.000-0400",,,,,,327540,,,"Wed Jul 18 16:44:17 EDT 2018 Accounting response for TradeID: 327540 posted"
"2018-07-18T16:44:14.000-0400",,,,,,,,327540,"Wed Jul 18 16:44:14 EDT 2018 Sent 327540 to Accounting System"
"2018-07-18T16:44:11.000-0400",,,,,,327540,,,"Wed Jul 18 16:44:11 EDT 2018 Market response for TradeID: 327540 Trade Accepted"
"2018-07-18T16:44:06.000-0400",,,,,,,,327540,"Wed Jul 18 16:44:06 EDT 2018 Sent 327540 to market engine"
"2018-07-18T16:44:05.000-0400",user99,buy,15,43,PON,,327540,,"Wed Jul 18 16:44:05 EDT 2018 Received Trade 327540 with detail user: user99 date: Wed Jul 18 16:44:05 EDT 2018 action: buy 43 PON @ 15"
"2018-07-18T16:44:04.000-0400",,,,,,327539,,,"Wed Jul 18 16:44:04 EDT 2018 TradeID: 327539 Confirmation: 323168 "
"2018-07-18T16:44:04.000-0400",,,,,,327539,,,"Wed Jul 18 16:44:04 EDT 2018 Accounting response for TradeID: 327539 posted"
"2018-07-18T16:43:57.000-0400",,,,,,,,327539,"Wed Jul 18 16:43:57 EDT 2018 Sent 327539 to Accounting System"
"2018-07-18T16:43:55.000-0400",,,,,,327539,,,"Wed Jul 18 16:43:55 EDT 2018 Market response for TradeID: 327539 Trade Accepted"
"2018-07-18T16:43:47.000-0400",,,,,,,,327539,"Wed Jul 18 16:43:47 EDT 2018 Sent 327539 to market engine"
"2018-07-18T16:43:46.000-0400",user3456,sell,65,38,SFIN,,327539,,"Wed Jul 18 16:43:46 EDT 2018 Received Trade 327539 with detail user: user3456 date: Wed Jul 18 16:43:46 EDT 2018 action: sell 38 SFIN @ 65"
"2018-07-18T16:43:40.000-0400",,,,,,327538,,,"Wed Jul 18 16:43:40 EDT 2018 TradeID: 327538 Confirmation: 323118 "
"2018-07-18T16:43:40.000-0400",,,,,,327538,,,"Wed Jul 18 16:43:40 EDT 2018 Accounting response for TradeID: 327538 posted"
"2018-07-18T16:43:34.000-0400",,,,,,,,327538,"Wed Jul 18 16:43:34 EDT 2018 Sent 327538 to Accounting System"
"2018-07-18T16:43:32.000-0400",,,,,,327538,,,"Wed Jul 18 16:43:32 EDT 2018 Market response for TradeID: 327538 Trade Accepted"
"2018-07-18T16:43:24.000-0400",,,,,,,,327538,"Wed Jul 18 16:43:24 EDT 2018 Sent 327538 to market engine"
"2018-07-18T16:43:23.000-0400",user2500,buy,1,2309,ABA,,327538,,"Wed Jul 18 16:43:23 EDT 2018 Received Trade 327538 with detail user: user2500 date: Wed Jul 18 16:43:23 EDT 2018 action: buy 2309 ABA @ 1"
"2018-07-18T16:43:23.000-0400",,,,,,327537,,,"Wed Jul 18 16:43:23 EDT 2018 TradeID: 327537 Confirmation: 323057 "
"2018-07-18T16:43:23.000-0400",,,,,,327537,,,"Wed Jul 18 16:43:23 EDT 2018 Accounting response for TradeID: 327537 posted"
"2018-07-18T16:43:15.000-0400",,,,,,,,327537,"Wed Jul 18 16:43:15 EDT 2018 Sent 327537 to Accounting System"
"2018-07-18T16:43:13.000-0400",,,,,,327537,,,"Wed Jul 18 16:43:13 EDT 2018 Market response for TradeID: 327537 Trade Accepted"
"2018-07-18T16:43:09.000-0400",,,,,,,,327537,"Wed Jul 18 16:43:09 EDT 2018 Sent 327537 to market engine"
"2018-07-18T16:43:08.000-0400",user2000,sell,43,4806,DIG,,327537,,"Wed Jul 18 16:43:08 EDT 2018 Received Trade 327537 with detail user: user2000 date: Wed Jul 18 16:43:08 EDT 2018 action: sell 4806 DIG @ 43"
"2018-07-18T16:43:00.000-0400",,,,,,327536,,,"Wed Jul 18 16:43:00 EDT 2018 TradeID: 327536 Confirmation: 323010 "
"2018-07-18T16:43:00.000-0400",,,,,,327536,,,"Wed Jul 18 16:43:00 EDT 2018 Accounting response for TradeID: 327536 posted"
"2018-07-18T16:42:55.000-0400",,,,,,,,327536,"Wed Jul 18 16:42:55 EDT 2018 Sent 327536 to Accounting System"
"2018-07-18T16:42:54.000-0400",,,,,,327536,,,"Wed Jul 18 16:42:54 EDT 2018 Market response for TradeID: 327536 Trade Accepted"
"2018-07-18T16:42:52.000-0400",,,,,,,,327536,"Wed Jul 18 16:42:52 EDT 2018 Sent 327536 to market engine"
"2018-07-18T16:42:51.000-0400",user3000,sell,2,3472,STEL,,327536,,"Wed Jul 18 16:42:51 EDT 2018 Received Trade 327536 with detail user: user3000 date: Wed Jul 18 16:42:51 EDT 2018 action: sell 3472 STEL @ 2"
"2018-07-18T16:42:48.000-0400",,,,,,327535,,,"Wed Jul 18 16:42:48 EDT 2018 TradeID: 327535 Confirmation: 322931 "
"2018-07-18T16:42:48.000-0400",,,,,,327535,,,"Wed Jul 18 16:42:48 EDT 2018 Accounting response for TradeID: 327535 posted"
"2018-07-18T16:42:39.000-0400",,,,,,,,327535,"Wed Jul 18 16:42:39 EDT 2018 Sent 327535 to Accounting System"
"2018-07-18T16:42:36.000-0400",,,,,,327535,,,"Wed Jul 18 16:42:36 EDT 2018 Market response for TradeID: 327535 Trade Accepted"
"2018-07-18T16:42:36.000-0400",,,,,,,,327535,"Wed Jul 18 16:42:36 EDT 2018 Sent 327535 to market engine"
"2018-07-18T16:42:35.000-0400",user2500,buy,93,3739,BAM,,327535,,"Wed Jul 18 16:42:35 EDT 2018 Received Trade 327535 with detail user: user2500 date: Wed Jul 18 16:42:35 EDT 2018 action: buy 3739 BAM @ 93"
"2018-07-18T16:42:28.000-0400",,,,,,327534,,,"Wed Jul 18 16:42:28 EDT 2018 TradeID: 327534 Confirmation: 322877 "
"2018-07-18T16:42:28.000-0400",,,,,,327534,,,"Wed Jul 18 16:42:28 EDT 2018 Accounting response for TradeID: 327534 posted"
"2018-07-18T16:42:24.000-0400",,,,,,,,327534,"Wed Jul 18 16:42:24 EDT 2018 Sent 327534 to Accounting System"
"2018-07-18T16:42:22.000-0400",,,,,,327534,,,"Wed Jul 18 16:42:22 EDT 2018 Market response for TradeID: 327534 Trade Accepted"
"2018-07-18T16:42:19.000-0400",,,,,,,,327534,"Wed Jul 18 16:42:19 EDT 2018 Sent 327534 to market engine"
"2018-07-18T16:42:18.000-0400",user2500,buy,1,3772,CCC,,327534,,"Wed Jul 18 16:42:18 EDT 2018 Received Trade 327534 with detail user: user2500 date: Wed Jul 18 16:42:18 EDT 2018 action: buy 3772 CCC @ 1"
"2018-07-18T16:42:09.000-0400",,,,,,327533,,,"Wed Jul 18 16:42:09 EDT 2018 TradeID: 327533 Confirmation: 322817 "
"2018-07-18T16:42:09.000-0400",,,,,,327533,,,"Wed Jul 18 16:42:09 EDT 2018 Accounting response for TradeID: 327533 posted"
"2018-07-18T16:42:08.000-0400",,,,,,,,327533,"Wed Jul 18 16:42:08 EDT 2018 Sent 327533 to Accounting System"
"2018-07-18T16:42:07.000-0400",,,,,,327533,,,"Wed Jul 18 16:42:07 EDT 2018 Market response for TradeID: 327533 Trade Accepted"
"2018-07-18T16:42:06.000-0400",,,,,,,,327533,"Wed Jul 18 16:42:06 EDT 2018 Sent 327533 to market engine"
"2018-07-18T16:42:05.000-0400",user2200,sell,33,748,STEL,,327533,,"Wed Jul 18 16:42:05 EDT 2018 Received Trade 327533 with detail user: user2200 date: Wed Jul 18 16:42:05 EDT 2018 action: sell 748 STEL @ 33"
"2018-07-18T16:41:48.000-0400",,,,,,327532,,,"Wed Jul 18 16:41:48 EDT 2018 TradeID: 327532 Confirmation: 322764 "
"2018-07-18T16:41:48.000-0400",,,,,,327532,,,"Wed Jul 18 16:41:48 EDT 2018 Accounting response for TradeID: 327532 posted"
"2018-07-18T16:41:39.000-0400",,,,,,,,327532,"Wed Jul 18 16:41:39 EDT 2018 Sent 327532 to Accounting System"
"2018-07-18T16:41:37.000-0400",,,,,,327532,,,"Wed Jul 18 16:41:37 EDT 2018 Market response for TradeID: 327532 Trade Accepted"
"2018-07-18T16:41:36.000-0400",,,,,,,,327532,"Wed Jul 18 16:41:36 EDT 2018 Sent 327532 to market engine"
"2018-07-18T16:41:35.000-0400",user42,sell,25,795,DIG,,327532,,"Wed Jul 18 16:41:35 EDT 2018 Received Trade 327532 with detail user: user42 date: Wed Jul 18 16:41:35 EDT 2018 action: sell 795 DIG @ 25"
